{
  "type": "FeatureCollection",
  "totalFeatures": 43,
  "features": [
    {
      "type": "Feature",
      "id": 1,
      "properties": {
        "id": 1,
        "name": "اسم المشروع عقد تنفيذ شبكات المياه بحي المهدية (عقد رقم 3)بمدينة الرياض",
        "description": "1. البيانات الأساسية للمشروع<br>https://www.google.com/maps/d/edit?hl=ar&mid=1RrGtCY5NDqSt4cZG9M7oVPPDkhimyBk&ll=24.65810882064283%2C46.557265410125765&z=13<br>عقد تنفيذ شبكات المياه بحي المهدية (عقد رقم 3)بمدينة الرياض\t<br>201230669\t<br>مشاريع الحزمة الأولى<br>\tتاريخ التحديث<br> 2025-02-13<br><br>تحت التنفيذ\tRW0512<br>\t<br>1. البيانات الأساسية للمشروع\t<br>اسم المشروع\tعقد تنفيذ شبكات المياه بحي المهدية (عقد رقم 3)بمدينة الرياض<br>موقع المشروع\t24.66537339341822, 46.52438294285882<br>الرقم التشغيلى للمشروع\t24/23/2/01/0025/1<br>رقم المشروع / PO\t201230669<br>اسم المقاول\tشركة الدايل العالمية المحدودة<br>اسم الاستشارى\tمكتب الياردة للاستشارات الهندسية <br>تاريخ بداية الموقع / بداية المشروع\t2023-12-03<br>مدة المشروع بالشهر\t24<br>تاريخ النهاية التعاقدي\t2025-12-02<br>مدة التمديد\t0<br>تاريخ النهاية المعدل\t2025-12-02<br>تصنيف المشروع\tمياه - شبكات <br>نسبة المدة المنقضية\t60%<br>نسبة الانجاز المخطط\t54%<br>نسبة الانجاز الفعلي\t22%<br>نسبة الاعمال الموقوفة\t0%<br>تاريخ الايقاف\tلا يوجد<br>تاريخ الاستئناف\tلا يوجد<br>حالة المشروع\tمتأخر يلزم انذار<br>التاريخ المخطط لانجاز المشروع\t2025-12-02<br>تاريخ الاستلام الابتدائى \t1900-01-00<br>تاريخ الاستلام النهائي\t1900-01-00<br>\t<br>\t<br>\t<br>\t<br>1. بيانات ادارة المشروع\t<br>\t<br>مدير المشروع / شركة المياه الوطنية\t<br>الاسم\tعبدالرحمن ثابت سليمان العسافي<br>الايميل\tMohammedharidyaa@gmail.com<br>رقم الجوال\t0555418744<br>مدير المشروع / الاستشارى\t<br>الاسم\tحسين حمدي<br>الايميل\thushamdi@nwc.com.sa<br>رقم الجوال\t0559691024<br>مدير المشروع / المقاول\t<br>الاسم\tشركة الدايل العالمية المحدودة<br>الايميل\tA.Ezzat@gmail.com<br>رقم الجوال\t0545165884<br>\t<br><br>1. متابعة البرامج الزمنية والمغايرات للمشروع\t<br>\t<br>تاريخ اعتماد البرنامج الزمنى الاساسى\t2024-01-08<br>تاريخ آخر تحديث للمشروع على منصة انجاز\t2025-02-13<br>عدد البرامج الزمنية المعتمدة\t1<br>تاريخ اعتماد آخر برنامج زمني معتمد\t2024-01-08<br>مدة المشروع التعاقدية\t <br>عدد التمديدات الزمنية المعتمدة\t0<br>المدد الزمنية المعتمدة\t0<br>تاريخ انتهاء المشروع المعدل\t2025-12-02<br>تاريخ الانتهاء المتوقع\t2025-12-02<br>\t<br>\t<br>1. نطاق ومخرجات المشروع\t<br>\t<br>وصف المشروع\t<br>توريد وتركيب مواسير من البولي ايثيلين بأقطار 110 ملم وبطول تقريبى 62,965م.ط و قطر 160 ملم وبطول تقريبي 41,755م .ط ومواسير دكتايل بقطر 300 مم وبطول 90م.ط ويتم التنفيذ بحي المهديه .\t<br>الهدف من المشروع\t<br>تقديم خدمات شبكات مياه مستدامة ذات جودة عالية في حى المهديه لتحسين جودة الحياة اليوم وفي المستقبل\t<br>نطاق /موقع المشروع\t<br>القطاع\tالقطاع الأوسط<br>المنطقة / وحدة العمل\tمدينة الرياض<br>المدينة\tالرياض<br>الاحياء المخدومة\tالمهدية<br>\t<br>مخرجات المشروع التعاقدية\t<br>توريد وتركيب مواسير من البولي ايثيلين بأقطار 110 ملم وبطول تقريبى 62,965م.ط و قطر 160 ملم وبطول تقريبي 41,755م .ط ومواسير دكتايل بقطر 300 مم وبطول 90م.ط ويتم التنفيذ بحي المهديه .\t<br>تصنيف الشبكات\tمشاريع المياه<br>عدد محطات التنقية/أو محطات الضخ/الخزان\t0<br>سعة محطات التنقية/أو محطات الضخ /الخزان\t0<br>الاطوال /ك م التعاقدية \t104.81<br>الاطوال /ك م المنفذة \t36.85<br>الاطوال المنفذة خلال الشهر الحالي \t3.3<br>الاطوال /ك م المتبقية\t67.96<br>الأعمال المتبقية\tالأعمال المنفذة<br>0\t0<br> \t<br>\t<br>التحديات والإجراءات المتخذة\t<br>التحديات والإجراءات المتخذة\tتأثير التحدي على المشروع<br>تعارض مسارات الكهرباء\tتاخير الانجاز الفعلي<br>حالة التوريدات\tموقف اراضي التشوين<br>منتظمة\tتم توفير موقع لتشوين المواد من قبل المقاول<br>كمية التوريدات\tالمخاطر بالمشروع (متوقع حدوثها)<br>966 م / ط مواسير بولي اثيلين اقطار 110 مم & 160 مم\tتاخر بسبب عدم وجود مخططات معتمدة من الامانة لبعض الطرق وتقلبات الاحوال الجويه ومخاطر خارجيه تضعف سلاسل التوريد بالمشروع<br> التحديات والمعوقات (حدثت بالفعل وتحتاج إلى تدخل)\t <br>التسيق مع الجهات الخارجية بخصوص استخراج التراخيص اللازمة للعمل\t0<br>أبرز المعالم والمتغيرات خلال فترة المشروع\t0<br>\t<br>1. تقييم أداء المقاول\t<br>\t<br>طاقم العمل\tغير مكتمل<br>فرق العمل\t0<br>أسباب تأخر اعتماد طاقم المقاول\tالمقاول<br>ملاحظات على أداء المقاول\tالمقاول متأخر في البدء بتنفيذ الاعمال واستكمال الطاقم الفنى بالمشروع<br>حالة وثيقة التأمين \tساري<br>\t<br>التنسيقات\t<br>\t<br>جهة التنسيقات\t<br>التنسيقات الداخلية\tالتنسيقات الخارجية <br>1900-01-00\t0<br>تاثير التنسيق على المشروع\tتاثير التنسيق على المشروع<br>0\t0<br>تصنيف التأثير\tتصنيف التأثير<br>0\t0<br>وصف التأثير بالتفصيل\tوصف التأثير بالتفصيل<br>0\t0<br>تاريخ بداية المشكلة \tتاريخ بداية المشكلة <br>1900-01-00\t0<br>جهة التواصل\tجهة التواصل<br>0\t0<br>هل تم التنسيق\tهل تم التنسيق<br>0\t0<br>الحل المقترح لديكم\tالحل المقترح لديكم<br>0\t0<br>\t<br>آخر اجراءات متخذة للمشروع\t<br>\"المغايرات:<br>لايوجد<br>** الإنذارات ولف",
        "source": "مشاريع جارية عامة",
        "file": "المشاريع الجاري تنفيذها.kmz"
      },
      "geometry": {
        "type": "Polygon",
        "coordinates": [
          [
            [
              46.53805509999999,
              24.6582442
            ],
            [
              46.537893,
              24.657982
            ],
            [
              46.537758,
              24.657898
            ],
            [
              46.537736,
              24.657831
            ],
            [
              46.537818,
              24.657654
            ],
            [
              46.537866,
              24.657633
            ],
            [
              46.53856399999999,
              24.657814
            ],
            [
              46.53886900000001,
              24.657777
            ],
            [
              46.53904699999999,
              24.65755100000001
            ],
            [
              46.539104,
              24.657314
            ],
            [
              46.539066,
              24.657307
            ],
            [
              46.53899000000001,
              24.65726
            ],
            [
              46.5389542,
              24.6572164
            ],
            [
              46.538862,
              24.657081
            ],
            [
              46.538975,
              24.656565
            ],
            [
              46.53903400000001,
              24.656516
            ],
            [
              46.539966,
              24.656421
            ],
            [
              46.543682,
              24.657148
            ],
            [
              46.54372,
              24.657202
            ],
            [
              46.54360800000001,
              24.657684
            ],
            [
              46.545011,
              24.657957
            ],
            [
              46.545042,
              24.657825
            ],
            [
              46.545101,
              24.65779
            ],
            [
              46.54690500000001,
              24.658142
            ],
            [
              46.546969,
              24.657869
            ],
            [
              46.547027,
              24.657812
            ],
            [
              46.54739,
              24.657735
            ],
            [
              46.54846199999999,
              24.657946
            ],
            [
              46.54854699999999,
              24.657986
            ],
            [
              46.548759,
              24.658162
            ],
            [
              46.548785,
              24.658237
            ],
            [
              46.548601,
              24.659026
            ],
            [
              46.549472,
              24.659242
            ],
            [
              46.54918200000001,
              24.660487
            ],
            [
              46.54974109999999,
              24.6606005
            ],
            [
              46.550302,
              24.660746
            ],
            [
              46.550327,
              24.660792
            ],
            [
              46.55014600000001,
              24.661265
            ],
            [
              46.55088439999999,
              24.6615233
            ],
            [
              46.552749,
              24.662663
            ],
            [
              46.55273700000001,
              24.662773
            ],
            [
              46.552671,
              24.662788
            ],
            [
              46.55075,
              24.661642
            ],
            [
              46.549853,
              24.661301
            ],
            [
              46.544438,
              24.660246
            ],
            [
              46.54406400000001,
              24.660287
            ],
            [
              46.543969,
              24.660337
            ],
            [
              46.5439966,
              24.6603679
            ],
            [
              46.544279,
              24.660779
            ],
            [
              46.544194,
              24.66128700000001
            ],
            [
              46.544449,
              24.661983
            ],
            [
              46.54489100000001,
              24.661736
            ],
            [
              46.544996,
              24.661748
            ],
            [
              46.54536,
              24.662113
            ],
            [
              46.54535499999999,
              24.662201
            ],
            [
              46.545142,
              24.662373
            ],
            [
              46.54415500000001,
              24.662466
            ],
            [
              46.54402300000001,
              24.662156
            ],
            [
              46.54376,
              24.66225
            ],
            [
              46.543046,
              24.66242099999999
            ],
            [
              46.54227499999999,
              24.662441
            ],
            [
              46.54095,
              24.6622
            ],
            [
              46.540584,
              24.662036
            ],
            [
              46.54054500000001,
              24.661983
            ],
            [
              46.540635,
              24.661594
            ],
            [
              46.540596,
              24.66154
            ],
            [
              46.54045099999999,
              24.661513
            ],
            [
              46.54041299999999,
              24.661459
            ],
            [
              46.540553,
              24.660882
            ],
            [
              46.54046199999999,
              24.660864
            ],
            [
              46.540097,
              24.660644
            ],
            [
              46.539688,
              24.660268
            ],
            [
              46.53929800000001,
              24.659719
            ],
            [
              46.539252,
              24.659747
            ],
            [
              46.53919100000001,
              24.65973
            ],
            [
              46.538802,
              24.65893700000001
            ],
            [
              46.538779,
              24.65885
            ],
            [
              46.538547,
              24.658933
            ],
            [
              46.538477,
              24.658911
            ],
            [
              46.53805509999999,
              24.6582442
            ]
          ]
        ]
      }
    },
    {
      "type": "Feature",
      "id": 2,
      "properties": {
        "id": 2,
        "name": "اسم المشروع عقد تنفيذ شبكات المياه بحي المهدية (عقد رقم 3)بمدينة الرياض",
        "description": "1. البيانات الأساسية للمشروع<br>https://www.google.com/maps/d/edit?hl=ar&mid=1RrGtCY5NDqSt4cZG9M7oVPPDkhimyBk&ll=24.65810882064283%2C46.557265410125765&z=13<br>عقد تنفيذ شبكات المياه بحي المهدية (عقد رقم 3)بمدينة الرياض\t<br>201230669\t<br>مشاريع الحزمة الأولى<br>\tتاريخ التحديث<br> 2025-02-13<br><br>تحت التنفيذ\tRW0512<br>\t<br>1. البيانات الأساسية للمشروع\t<br>اسم المشروع\tعقد تنفيذ شبكات المياه بحي المهدية (عقد رقم 3)بمدينة الرياض<br>موقع المشروع\t24.66537339341822, 46.52438294285882<br>الرقم التشغيلى للمشروع\t24/23/2/01/0025/1<br>رقم المشروع / PO\t201230669<br>اسم المقاول\tشركة الدايل العالمية المحدودة<br>اسم الاستشارى\tمكتب الياردة للاستشارات الهندسية <br>تاريخ بداية الموقع / بداية المشروع\t2023-12-03<br>مدة المشروع بالشهر\t24<br>تاريخ النهاية التعاقدي\t2025-12-02<br>مدة التمديد\t0<br>تاريخ النهاية المعدل\t2025-12-02<br>تصنيف المشروع\tمياه - شبكات <br>نسبة المدة المنقضية\t60%<br>نسبة الانجاز المخطط\t54%<br>نسبة الانجاز الفعلي\t22%<br>نسبة الاعمال الموقوفة\t0%<br>تاريخ الايقاف\tلا يوجد<br>تاريخ الاستئناف\tلا يوجد<br>حالة المشروع\tمتأخر يلزم انذار<br>التاريخ المخطط لانجاز المشروع\t2025-12-02<br>تاريخ الاستلام الابتدائى \t1900-01-00<br>تاريخ الاستلام النهائي\t1900-01-00<br>\t<br>\t<br>\t<br>\t<br>1. بيانات ادارة المشروع\t<br>\t<br>مدير المشروع / شركة المياه الوطنية\t<br>الاسم\tعبدالرحمن ثابت سليمان العسافي<br>الايميل\tMohammedharidyaa@gmail.com<br>رقم الجوال\t0555418744<br>مدير المشروع / الاستشارى\t<br>الاسم\tحسين حمدي<br>الايميل\thushamdi@nwc.com.sa<br>رقم الجوال\t0559691024<br>مدير المشروع / المقاول\t<br>الاسم\tشركة الدايل العالمية المحدودة<br>الايميل\tA.Ezzat@gmail.com<br>رقم الجوال\t0545165884<br>\t<br><br>1. متابعة البرامج الزمنية والمغايرات للمشروع\t<br>\t<br>تاريخ اعتماد البرنامج الزمنى الاساسى\t2024-01-08<br>تاريخ آخر تحديث للمشروع على منصة انجاز\t2025-02-13<br>عدد البرامج الزمنية المعتمدة\t1<br>تاريخ اعتماد آخر برنامج زمني معتمد\t2024-01-08<br>مدة المشروع التعاقدية\t <br>عدد التمديدات الزمنية المعتمدة\t0<br>المدد الزمنية المعتمدة\t0<br>تاريخ انتهاء المشروع المعدل\t2025-12-02<br>تاريخ الانتهاء المتوقع\t2025-12-02<br>\t<br>\t<br>1. نطاق ومخرجات المشروع\t<br>\t<br>وصف المشروع\t<br>توريد وتركيب مواسير من البولي ايثيلين بأقطار 110 ملم وبطول تقريبى 62,965م.ط و قطر 160 ملم وبطول تقريبي 41,755م .ط ومواسير دكتايل بقطر 300 مم وبطول 90م.ط ويتم التنفيذ بحي المهديه .\t<br>الهدف من المشروع\t<br>تقديم خدمات شبكات مياه مستدامة ذات جودة عالية في حى المهديه لتحسين جودة الحياة اليوم وفي المستقبل\t<br>نطاق /موقع المشروع\t<br>القطاع\tالقطاع الأوسط<br>المنطقة / وحدة العمل\tمدينة الرياض<br>المدينة\tالرياض<br>الاحياء المخدومة\tالمهدية<br>\t<br>مخرجات المشروع التعاقدية\t<br>توريد وتركيب مواسير من البولي ايثيلين بأقطار 110 ملم وبطول تقريبى 62,965م.ط و قطر 160 ملم وبطول تقريبي 41,755م .ط ومواسير دكتايل بقطر 300 مم وبطول 90م.ط ويتم التنفيذ بحي المهديه .\t<br>تصنيف الشبكات\tمشاريع المياه<br>عدد محطات التنقية/أو محطات الضخ/الخزان\t0<br>سعة محطات التنقية/أو محطات الضخ /الخزان\t0<br>الاطوال /ك م التعاقدية \t104.81<br>الاطوال /ك م المنفذة \t36.85<br>الاطوال المنفذة خلال الشهر الحالي \t3.3<br>الاطوال /ك م المتبقية\t67.96<br>الأعمال المتبقية\tالأعمال المنفذة<br>0\t0<br> \t<br>\t<br>التحديات والإجراءات المتخذة\t<br>التحديات والإجراءات المتخذة\tتأثير التحدي على المشروع<br>تعارض مسارات الكهرباء\tتاخير الانجاز الفعلي<br>حالة التوريدات\tموقف اراضي التشوين<br>منتظمة\tتم توفير موقع لتشوين المواد من قبل المقاول<br>كمية التوريدات\tالمخاطر بالمشروع (متوقع حدوثها)<br>966 م / ط مواسير بولي اثيلين اقطار 110 مم & 160 مم\tتاخر بسبب عدم وجود مخططات معتمدة من الامانة لبعض الطرق وتقلبات الاحوال الجويه ومخاطر خارجيه تضعف سلاسل التوريد بالمشروع<br> التحديات والمعوقات (حدثت بالفعل وتحتاج إلى تدخل)\t <br>التسيق مع الجهات الخارجية بخصوص استخراج التراخيص اللازمة للعمل\t0<br>أبرز المعالم والمتغيرات خلال فترة المشروع\t0<br>\t<br>1. تقييم أداء المقاول\t<br>\t<br>طاقم العمل\tغير مكتمل<br>فرق العمل\t0<br>أسباب تأخر اعتماد طاقم المقاول\tالمقاول<br>ملاحظات على أداء المقاول\tالمقاول متأخر في البدء بتنفيذ الاعمال واستكمال الطاقم الفنى بالمشروع<br>حالة وثيقة التأمين \tساري<br>\t<br>التنسيقات\t<br>\t<br>جهة التنسيقات\t<br>التنسيقات الداخلية\tالتنسيقات الخارجية <br>1900-01-00\t0<br>تاثير التنسيق على المشروع\tتاثير التنسيق على المشروع<br>0\t0<br>تصنيف التأثير\tتصنيف التأثير<br>0\t0<br>وصف التأثير بالتفصيل\tوصف التأثير بالتفصيل<br>0\t0<br>تاريخ بداية المشكلة \tتاريخ بداية المشكلة <br>1900-01-00\t0<br>جهة التواصل\tجهة التواصل<br>0\t0<br>هل تم التنسيق\tهل تم التنسيق<br>0\t0<br>الحل المقترح لديكم\tالحل المقترح لديكم<br>0\t0<br>\t<br>آخر اجراءات متخذة للمشروع\t<br>\"المغايرات:<br>لايوجد<br>** الإنذارات ولف",
        "source": "مشاريع جارية عامة",
        "file": "المشاريع الجاري تنفيذها.kmz"
      },
      "geometry": {
        "type": "Polygon",
        "coordinates": [
          [
            [
              46.5561826,
              24.6724958
            ],
            [
              46.556216,
              24.672714
            ],
            [
              46.556174,
              24.672764
            ],
            [
              46.5558687,
              24.6727986
            ],
            [
              46.555622,
              24.672809
            ],
            [
              46.5545682,
              24.6727641
            ],
            [
              46.5542679,
              24.67272579999999
            ],
            [
              46.553922,
              24.672651
            ],
            [
              46.553893,
              24.67276
            ],
            [
              46.55279399999999,
              24.672874
            ],
            [
              46.551554,
              24.672577
            ],
            [
              46.55099800000001,
              24.672377
            ],
            [
              46.550768,
              24.672896
            ],
            [
              46.55070700000001,
              24.672978
            ],
            [
              46.552305,
              24.673979
            ],
            [
              46.552318,
              24.674042
            ],
            [
              46.552158,
              24.674255
            ],
            [
              46.552089,
              24.674267
            ],
            [
              46.55098,
              24.673573
            ],
            [
              46.550142,
              24.672788
            ],
            [
              46.550139,
              24.672723
            ],
            [
              46.550195,
              24.672658
            ],
            [
              46.549372,
              24.672143
            ],
            [
              46.549244,
              24.672164
            ],
            [
              46.548753,
              24.671817
            ],
            [
              46.548732,
              24.671747
            ],
            [
              46.54879,
              24.671615
            ],
            [
              46.5468676,
              24.6709353
            ],
            [
              46.545538,
              24.670537
            ],
            [
              46.545398,
              24.671017
            ],
            [
              46.545338,
              24.671049
            ],
            [
              46.544518,
              24.670849
            ],
            [
              46.544366,
              24.671373
            ],
            [
              46.544305,
              24.671405
            ],
            [
              46.543274,
              24.671153
            ],
            [
              46.543239,
              24.671098
            ],
            [
              46.543392,
              24.670575
            ],
            [
              46.54241799999999,
              24.670337
            ],
            [
              46.54238300000001,
              24.670282
            ],
            [
              46.542522,
              24.669799
            ],
            [
              46.542039,
              24.669689
            ],
            [
              46.5421929,
              24.6690688
            ],
            [
              46.542346,
              24.668522
            ],
            [
              46.542382,
              24.668502
            ],
            [
              46.54243200000001,
              24.668513
            ],
            [
              46.54342869999999,
              24.6687322
            ],
            [
              46.5441232,
              24.6689016
            ],
            [
              46.5441941,
              24.6686256
            ],
            [
              46.543439,
              24.668447
            ],
            [
              46.543403,
              24.668393
            ],
            [
              46.543707,
              24.667267
            ],
            [
              46.5442311,
              24.6669738
            ],
            [
              46.544369,
              24.666901
            ],
            [
              46.544871,
              24.667014
            ],
            [
              46.54496999999999,
              24.66664400000001
            ],
            [
              46.54503,
              24.666611
            ],
            [
              46.54606400000001,
              24.666844
            ],
            [
              46.546223,
              24.666823
            ],
            [
              46.546488,
              24.666737
            ],
            [
              46.546279,
              24.666284
            ],
            [
              46.546308,
              24.666224
            ],
            [
              46.547139,
              24.665948
            ],
            [
              46.547876,
              24.66588
            ],
            [
              46.548225,
              24.665906
            ],
            [
              46.548231,
              24.665838
            ],
            [
              46.54825599999999,
              24.665782
            ],
            [
              46.54954099999999,
              24.66553
            ],
            [
              46.549599,
              24.665565
            ],
            [
              46.549609,
              24.665615
            ],
            [
              46.549664,
              24.665678
            ],
            [
              46.550334,
              24.665958
            ],
            [
              46.550405,
              24.665938
            ],
            [
              46.550675,
              24.665531
            ],
            [
              46.550747,
              24.665508
            ],
            [
              46.55197,
              24.665912
            ],
            [
              46.55359,
              24.665846
            ],
            [
              46.55388800000001,
              24.665843
            ],
            [
              46.553884,
              24.665551
            ],
            [
              46.553933,
              24.665506
            ],
            [
              46.554436,
              24.665507
            ],
            [
              46.55448599999999,
              24.66555200000001
            ],
            [
              46.55448,
              24.666549
            ],
            [
              46.554431,
              24.666593
            ],
            [
              46.553897,
              24.666586
            ],
            [
              46.55404,
              24.670516
            ],
            [
              46.554012,
              24.670541
            ],
            [
              46.553685,
              24.670508
            ],
            [
              46.552073,
              24.670254
            ],
            [
              46.55206100000001,
              24.670318
            ],
            [
              46.551663,
              24.670908
            ],
            [
              46.551625,
              24.670995
            ],
            [
              46.553721,
              24.671754
            ],
            [
              46.5542216,
              24.6718879
            ],
            [
              46.55473599999999,
              24.671967
            ],
            [
              46.555122,
              24.671997
            ],
            [
              46.555567,
              24.671995
            ],
            [
              46.555634,
              24.672049
            ],
            [
              46.555641,
              24.672117
            ],
            [
              46.555664,
              24.672146
            ],
            [
              46.555642,
              24.672159
            ],
            [
              46.55565,
              24.67226399999999
            ],
            [
              46.5560717,
              24.6722204
            ],
            [
              46.556147,
              24.67226399999999
            ],
            [
              46.5561826,
              24.6724958
            ]
          ]
        ]
      }
    },
    {
      "type": "Feature",
      "id": 3,
      "properties": {
        "id": 3,
        "name": "اسم المشروع عقد تنفيذ شبكات المياه بحي المهدية (عقد رقم 3)بمدينة الرياض",
        "description": "1. البيانات الأساسية للمشروع<br>https://www.google.com/maps/d/edit?hl=ar&mid=1RrGtCY5NDqSt4cZG9M7oVPPDkhimyBk&ll=24.65810882064283%2C46.557265410125765&z=13<br>عقد تنفيذ شبكات المياه بحي المهدية (عقد رقم 3)بمدينة الرياض\t<br>201230669\t<br>مشاريع الحزمة الأولى<br>\tتاريخ التحديث<br> 2025-02-13<br><br>تحت التنفيذ\tRW0512<br>\t<br>1. البيانات الأساسية للمشروع\t<br>اسم المشروع\tعقد تنفيذ شبكات المياه بحي المهدية (عقد رقم 3)بمدينة الرياض<br>موقع المشروع\t24.66537339341822, 46.52438294285882<br>الرقم التشغيلى للمشروع\t24/23/2/01/0025/1<br>رقم المشروع / PO\t201230669<br>اسم المقاول\tشركة الدايل العالمية المحدودة<br>اسم الاستشارى\tمكتب الياردة للاستشارات الهندسية <br>تاريخ بداية الموقع / بداية المشروع\t2023-12-03<br>مدة المشروع بالشهر\t24<br>تاريخ النهاية التعاقدي\t2025-12-02<br>مدة التمديد\t0<br>تاريخ النهاية المعدل\t2025-12-02<br>تصنيف المشروع\tمياه - شبكات <br>نسبة المدة المنقضية\t60%<br>نسبة الانجاز المخطط\t54%<br>نسبة الانجاز الفعلي\t22%<br>نسبة الاعمال الموقوفة\t0%<br>تاريخ الايقاف\tلا يوجد<br>تاريخ الاستئناف\tلا يوجد<br>حالة المشروع\tمتأخر يلزم انذار<br>التاريخ المخطط لانجاز المشروع\t2025-12-02<br>تاريخ الاستلام الابتدائى \t1900-01-00<br>تاريخ الاستلام النهائي\t1900-01-00<br>\t<br>\t<br>\t<br>\t<br>1. بيانات ادارة المشروع\t<br>\t<br>مدير المشروع / شركة المياه الوطنية\t<br>الاسم\tعبدالرحمن ثابت سليمان العسافي<br>الايميل\tMohammedharidyaa@gmail.com<br>رقم الجوال\t0555418744<br>مدير المشروع / الاستشارى\t<br>الاسم\tحسين حمدي<br>الايميل\thushamdi@nwc.com.sa<br>رقم الجوال\t0559691024<br>مدير المشروع / المقاول\t<br>الاسم\tشركة الدايل العالمية المحدودة<br>الايميل\tA.Ezzat@gmail.com<br>رقم الجوال\t0545165884<br>\t<br><br>1. متابعة البرامج الزمنية والمغايرات للمشروع\t<br>\t<br>تاريخ اعتماد البرنامج الزمنى الاساسى\t2024-01-08<br>تاريخ آخر تحديث للمشروع على منصة انجاز\t2025-02-13<br>عدد البرامج الزمنية المعتمدة\t1<br>تاريخ اعتماد آخر برنامج زمني معتمد\t2024-01-08<br>مدة المشروع التعاقدية\t <br>عدد التمديدات الزمنية المعتمدة\t0<br>المدد الزمنية المعتمدة\t0<br>تاريخ انتهاء المشروع المعدل\t2025-12-02<br>تاريخ الانتهاء المتوقع\t2025-12-02<br>\t<br>\t<br>1. نطاق ومخرجات المشروع\t<br>\t<br>وصف المشروع\t<br>توريد وتركيب مواسير من البولي ايثيلين بأقطار 110 ملم وبطول تقريبى 62,965م.ط و قطر 160 ملم وبطول تقريبي 41,755م .ط ومواسير دكتايل بقطر 300 مم وبطول 90م.ط ويتم التنفيذ بحي المهديه .\t<br>الهدف من المشروع\t<br>تقديم خدمات شبكات مياه مستدامة ذات جودة عالية في حى المهديه لتحسين جودة الحياة اليوم وفي المستقبل\t<br>نطاق /موقع المشروع\t<br>القطاع\tالقطاع الأوسط<br>المنطقة / وحدة العمل\tمدينة الرياض<br>المدينة\tالرياض<br>الاحياء المخدومة\tالمهدية<br>\t<br>مخرجات المشروع التعاقدية\t<br>توريد وتركيب مواسير من البولي ايثيلين بأقطار 110 ملم وبطول تقريبى 62,965م.ط و قطر 160 ملم وبطول تقريبي 41,755م .ط ومواسير دكتايل بقطر 300 مم وبطول 90م.ط ويتم التنفيذ بحي المهديه .\t<br>تصنيف الشبكات\tمشاريع المياه<br>عدد محطات التنقية/أو محطات الضخ/الخزان\t0<br>سعة محطات التنقية/أو محطات الضخ /الخزان\t0<br>الاطوال /ك م التعاقدية \t104.81<br>الاطوال /ك م المنفذة \t36.85<br>الاطوال المنفذة خلال الشهر الحالي \t3.3<br>الاطوال /ك م المتبقية\t67.96<br>الأعمال المتبقية\tالأعمال المنفذة<br>0\t0<br> \t<br>\t<br>التحديات والإجراءات المتخذة\t<br>التحديات والإجراءات المتخذة\tتأثير التحدي على المشروع<br>تعارض مسارات الكهرباء\tتاخير الانجاز الفعلي<br>حالة التوريدات\tموقف اراضي التشوين<br>منتظمة\tتم توفير موقع لتشوين المواد من قبل المقاول<br>كمية التوريدات\tالمخاطر بالمشروع (متوقع حدوثها)<br>966 م / ط مواسير بولي اثيلين اقطار 110 مم & 160 مم\tتاخر بسبب عدم وجود مخططات معتمدة من الامانة لبعض الطرق وتقلبات الاحوال الجويه ومخاطر خارجيه تضعف سلاسل التوريد بالمشروع<br> التحديات والمعوقات (حدثت بالفعل وتحتاج إلى تدخل)\t <br>التسيق مع الجهات الخارجية بخصوص استخراج التراخيص اللازمة للعمل\t0<br>أبرز المعالم والمتغيرات خلال فترة المشروع\t0<br>\t<br>1. تقييم أداء المقاول\t<br>\t<br>طاقم العمل\tغير مكتمل<br>فرق العمل\t0<br>أسباب تأخر اعتماد طاقم المقاول\tالمقاول<br>ملاحظات على أداء المقاول\tالمقاول متأخر في البدء بتنفيذ الاعمال واستكمال الطاقم الفنى بالمشروع<br>حالة وثيقة التأمين \tساري<br>\t<br>التنسيقات\t<br>\t<br>جهة التنسيقات\t<br>التنسيقات الداخلية\tالتنسيقات الخارجية <br>1900-01-00\t0<br>تاثير التنسيق على المشروع\tتاثير التنسيق على المشروع<br>0\t0<br>تصنيف التأثير\tتصنيف التأثير<br>0\t0<br>وصف التأثير بالتفصيل\tوصف التأثير بالتفصيل<br>0\t0<br>تاريخ بداية المشكلة \tتاريخ بداية المشكلة <br>1900-01-00\t0<br>جهة التواصل\tجهة التواصل<br>0\t0<br>هل تم التنسيق\tهل تم التنسيق<br>0\t0<br>الحل المقترح لديكم\tالحل المقترح لديكم<br>0\t0<br>\t<br>آخر اجراءات متخذة للمشروع\t<br>\"المغايرات:<br>لايوجد<br>** الإنذارات ولف",
        "source": "مشاريع جارية عامة",
        "file": "المشاريع الجاري تنفيذها.kmz"
      },
      "geometry": {
        "type": "Polygon",
        "coordinates": [
          [
            [
              46.57416489999999,
              24.6676268
            ],
            [
              46.574125,
              24.667564
            ],
            [
              46.574093,
              24.667407
            ],
            [
              46.57411,
              24.667324
            ],
            [
              46.574595,
              24.666581
            ],
            [
              46.575244,
              24.666173
            ],
            [
              46.57678,
              24.665865
            ],
            [
              46.579913,
              24.666418
            ],
            [
              46.579968,
              24.666468
            ],
            [
              46.579968,
              24.666526
            ],
            [
              46.579992,
              24.666552
            ],
            [
              46.579968,
              24.666571
            ],
            [
              46.579968,
              24.666647
            ],
            [
              46.579921,
              24.666691
            ],
            [
              46.578099,
              24.666698
            ],
            [
              46.577309,
              24.666823
            ],
            [
              46.5763119,
              24.6670999
            ],
            [
              46.575304,
              24.667367
            ],
            [
              46.575155,
              24.667436
            ],
            [
              46.575061,
              24.667481
            ],
            [
              46.575079,
              24.667513
            ],
            [
              46.575594,
              24.667558
            ],
            [
              46.57595499999999,
              24.668164
            ],
            [
              46.576017,
              24.668134
            ],
            [
              46.57669,
              24.668093
            ],
            [
              46.57727700000001,
              24.668074
            ],
            [
              46.57732,
              24.668097
            ],
            [
              46.57776900000001,
              24.668851
            ],
            [
              46.57774700000001,
              24.668922
            ],
            [
              46.576753,
              24.669416
            ],
            [
              46.57598059999999,
              24.6697406
            ],
            [
              46.57543509999999,
              24.6700368
            ],
            [
              46.57519,
              24.670199
            ],
            [
              46.574489,
              24.670728
            ],
            [
              46.57442,
              24.670721
            ],
            [
              46.574046,
              24.670297
            ],
            [
              46.5737631,
              24.6704963
            ],
            [
              46.573169,
              24.670876
            ],
            [
              46.572775,
              24.6711
            ],
            [
              46.5722659,
              24.6713584
            ],
            [
              46.571797,
              24.671568
            ],
            [
              46.571738,
              24.671548
            ],
            [
              46.571647,
              24.67137
            ],
            [
              46.571133,
              24.67158
            ],
            [
              46.570468,
              24.671791
            ],
            [
              46.570266,
              24.672215
            ],
            [
              46.570496,
              24.672389
            ],
            [
              46.570601,
              24.672658
            ],
            [
              46.570995,
              24.673376
            ],
            [
              46.570993,
              24.673431
            ],
            [
              46.570825,
              24.673619
            ],
            [
              46.570573,
              24.674157
            ],
            [
              46.56915599999999,
              24.674386
            ],
            [
              46.569033,
              24.674373
            ],
            [
              46.568883,
              24.674238
            ],
            [
              46.56885599999999,
              24.674171
            ],
            [
              46.56850210000001,
              24.6742948
            ],
            [
              46.56817499999999,
              24.674365
            ],
            [
              46.56818400000001,
              24.6744
            ],
            [
              46.568565,
              24.6747131
            ],
            [
              46.568592,
              24.674763
            ],
            [
              46.56850499999999,
              24.675622
            ],
            [
              46.568448,
              24.675661
            ],
            [
              46.566524,
              24.67466
            ],
            [
              46.56648300000001,
              24.674616
            ],
            [
              46.566506,
              24.674453
            ],
            [
              46.566058,
              24.674367
            ],
            [
              46.565605,
              24.674211
            ],
            [
              46.56557100000001,
              24.674129
            ],
            [
              46.56571400000001,
              24.67385
            ],
            [
              46.565561,
              24.673784
            ],
            [
              46.565156,
              24.673533
            ],
            [
              46.564905,
              24.673354
            ],
            [
              46.564716,
              24.673538
            ],
            [
              46.564601,
              24.673572
            ],
            [
              46.5644781,
              24.6735489
            ],
            [
              46.562108,
              24.673122
            ],
            [
              46.561991,
              24.673016
            ],
            [
              46.561903,
              24.672644
            ],
            [
              46.56084,
              24.672808
            ],
            [
              46.560779,
              24.67277
            ],
            [
              46.560755,
              24.672675
            ],
            [
              46.56049399999999,
              24.67273
            ],
            [
              46.560029,
              24.67279
            ],
            [
              46.5599772,
              24.672755
            ],
            [
              46.559845,
              24.672291
            ],
            [
              46.55922300000001,
              24.67238
            ],
            [
              46.559163,
              24.672342
            ],
            [
              46.559067,
              24.671965
            ],
            [
              46.559053,
              24.671873
            ],
            [
              46.559095,
              24.671822
            ],
            [
              46.5629443,
              24.6712211
            ],
            [
              46.562852,
              24.670487
            ],
            [
              46.562985,
              24.670333
            ],
            [
              46.567688,
              24.669788
            ],
            [
              46.567851,
              24.66990699999999
            ],
            [
              46.567938,
              24.670647
            ],
            [
              46.568727,
              24.670572
            ],
            [
              46.56935899999999,
              24.670449
            ],
            [
              46.570026,
              24.670267
            ],
            [
              46.57012,
              24.670238
            ],
            [
              46.57005500000001,
              24.670085
            ],
            [
              46.570069,
              24.670056
            ],
            [
              46.570037,
              24.670043
            ],
            [
              46.57003,
              24.670027
            ],
            [
              46.570058,
              24.66997
            ],
            [
              46.570773,
              24.669711
            ],
            [
              46.571451,
              24.669398
            ],
            [
              46.5721289,
              24.6689947
            ],
            [
              46.57247109999999,
              24.6687835
            ],
            [
              46.572918,
              24.6684576
            ],
            [
              46.5736588,
              24.6678864
            ],
            [
              46.57416489999999,
              24.6676268
            ]
          ]
        ]
      }
    },
    {
      "type": "Feature",
      "id": 4,
      "properties": {
        "id": 4,
        "name": "اسم المشروع عقد تنفيذ شبكات المياه بحي المهدية (عقد رقم 3)بمدينة الرياض",
        "description": "1. البيانات الأساسية للمشروع<br>https://www.google.com/maps/d/edit?hl=ar&mid=1RrGtCY5NDqSt4cZG9M7oVPPDkhimyBk&ll=24.65810882064283%2C46.557265410125765&z=13<br>عقد تنفيذ شبكات المياه بحي المهدية (عقد رقم 3)بمدينة الرياض\t<br>201230669\t<br>مشاريع الحزمة الأولى<br>\tتاريخ التحديث<br> 2025-02-13<br><br>تحت التنفيذ\tRW0512<br>\t<br>1. البيانات الأساسية للمشروع\t<br>اسم المشروع\tعقد تنفيذ شبكات المياه بحي المهدية (عقد رقم 3)بمدينة الرياض<br>موقع المشروع\t24.66537339341822, 46.52438294285882<br>الرقم التشغيلى للمشروع\t24/23/2/01/0025/1<br>رقم المشروع / PO\t201230669<br>اسم المقاول\tشركة الدايل العالمية المحدودة<br>اسم الاستشارى\tمكتب الياردة للاستشارات الهندسية <br>تاريخ بداية الموقع / بداية المشروع\t2023-12-03<br>مدة المشروع بالشهر\t24<br>تاريخ النهاية التعاقدي\t2025-12-02<br>مدة التمديد\t0<br>تاريخ النهاية المعدل\t2025-12-02<br>تصنيف المشروع\tمياه - شبكات <br>نسبة المدة المنقضية\t60%<br>نسبة الانجاز المخطط\t54%<br>نسبة الانجاز الفعلي\t22%<br>نسبة الاعمال الموقوفة\t0%<br>تاريخ الايقاف\tلا يوجد<br>تاريخ الاستئناف\tلا يوجد<br>حالة المشروع\tمتأخر يلزم انذار<br>التاريخ المخطط لانجاز المشروع\t2025-12-02<br>تاريخ الاستلام الابتدائى \t1900-01-00<br>تاريخ الاستلام النهائي\t1900-01-00<br>\t<br>\t<br>\t<br>\t<br>1. بيانات ادارة المشروع\t<br>\t<br>مدير المشروع / شركة المياه الوطنية\t<br>الاسم\tعبدالرحمن ثابت سليمان العسافي<br>الايميل\tMohammedharidyaa@gmail.com<br>رقم الجوال\t0555418744<br>مدير المشروع / الاستشارى\t<br>الاسم\tحسين حمدي<br>الايميل\thushamdi@nwc.com.sa<br>رقم الجوال\t0559691024<br>مدير المشروع / المقاول\t<br>الاسم\tشركة الدايل العالمية المحدودة<br>الايميل\tA.Ezzat@gmail.com<br>رقم الجوال\t0545165884<br>\t<br><br>1. متابعة البرامج الزمنية والمغايرات للمشروع\t<br>\t<br>تاريخ اعتماد البرنامج الزمنى الاساسى\t2024-01-08<br>تاريخ آخر تحديث للمشروع على منصة انجاز\t2025-02-13<br>عدد البرامج الزمنية المعتمدة\t1<br>تاريخ اعتماد آخر برنامج زمني معتمد\t2024-01-08<br>مدة المشروع التعاقدية\t <br>عدد التمديدات الزمنية المعتمدة\t0<br>المدد الزمنية المعتمدة\t0<br>تاريخ انتهاء المشروع المعدل\t2025-12-02<br>تاريخ الانتهاء المتوقع\t2025-12-02<br>\t<br>\t<br>1. نطاق ومخرجات المشروع\t<br>\t<br>وصف المشروع\t<br>توريد وتركيب مواسير من البولي ايثيلين بأقطار 110 ملم وبطول تقريبى 62,965م.ط و قطر 160 ملم وبطول تقريبي 41,755م .ط ومواسير دكتايل بقطر 300 مم وبطول 90م.ط ويتم التنفيذ بحي المهديه .\t<br>الهدف من المشروع\t<br>تقديم خدمات شبكات مياه مستدامة ذات جودة عالية في حى المهديه لتحسين جودة الحياة اليوم وفي المستقبل\t<br>نطاق /موقع المشروع\t<br>القطاع\tالقطاع الأوسط<br>المنطقة / وحدة العمل\tمدينة الرياض<br>المدينة\tالرياض<br>الاحياء المخدومة\tالمهدية<br>\t<br>مخرجات المشروع التعاقدية\t<br>توريد وتركيب مواسير من البولي ايثيلين بأقطار 110 ملم وبطول تقريبى 62,965م.ط و قطر 160 ملم وبطول تقريبي 41,755م .ط ومواسير دكتايل بقطر 300 مم وبطول 90م.ط ويتم التنفيذ بحي المهديه .\t<br>تصنيف الشبكات\tمشاريع المياه<br>عدد محطات التنقية/أو محطات الضخ/الخزان\t0<br>سعة محطات التنقية/أو محطات الضخ /الخزان\t0<br>الاطوال /ك م التعاقدية \t104.81<br>الاطوال /ك م المنفذة \t36.85<br>الاطوال المنفذة خلال الشهر الحالي \t3.3<br>الاطوال /ك م المتبقية\t67.96<br>الأعمال المتبقية\tالأعمال المنفذة<br>0\t0<br> \t<br>\t<br>التحديات والإجراءات المتخذة\t<br>التحديات والإجراءات المتخذة\tتأثير التحدي على المشروع<br>تعارض مسارات الكهرباء\tتاخير الانجاز الفعلي<br>حالة التوريدات\tموقف اراضي التشوين<br>منتظمة\tتم توفير موقع لتشوين المواد من قبل المقاول<br>كمية التوريدات\tالمخاطر بالمشروع (متوقع حدوثها)<br>966 م / ط مواسير بولي اثيلين اقطار 110 مم & 160 مم\tتاخر بسبب عدم وجود مخططات معتمدة من الامانة لبعض الطرق وتقلبات الاحوال الجويه ومخاطر خارجيه تضعف سلاسل التوريد بالمشروع<br> التحديات والمعوقات (حدثت بالفعل وتحتاج إلى تدخل)\t <br>التسيق مع الجهات الخارجية بخصوص استخراج التراخيص اللازمة للعمل\t0<br>أبرز المعالم والمتغيرات خلال فترة المشروع\t0<br>\t<br>1. تقييم أداء المقاول\t<br>\t<br>طاقم العمل\tغير مكتمل<br>فرق العمل\t0<br>أسباب تأخر اعتماد طاقم المقاول\tالمقاول<br>ملاحظات على أداء المقاول\tالمقاول متأخر في البدء بتنفيذ الاعمال واستكمال الطاقم الفنى بالمشروع<br>حالة وثيقة التأمين \tساري<br>\t<br>التنسيقات\t<br>\t<br>جهة التنسيقات\t<br>التنسيقات الداخلية\tالتنسيقات الخارجية <br>1900-01-00\t0<br>تاثير التنسيق على المشروع\tتاثير التنسيق على المشروع<br>0\t0<br>تصنيف التأثير\tتصنيف التأثير<br>0\t0<br>وصف التأثير بالتفصيل\tوصف التأثير بالتفصيل<br>0\t0<br>تاريخ بداية المشكلة \tتاريخ بداية المشكلة <br>1900-01-00\t0<br>جهة التواصل\tجهة التواصل<br>0\t0<br>هل تم التنسيق\tهل تم التنسيق<br>0\t0<br>الحل المقترح لديكم\tالحل المقترح لديكم<br>0\t0<br>\t<br>آخر اجراءات متخذة للمشروع\t<br>\"المغايرات:<br>لايوجد<br>** الإنذارات ولف",
        "source": "مشاريع جارية عامة",
        "file": "المشاريع الجاري تنفيذها.kmz"
      },
      "geometry": {
        "type": "Polygon",
        "coordinates": [
          [
            [
              46.535676,
              24.660331
            ],
            [
              46.536029,
              24.660723
            ],
            [
              46.53633900000001,
              24.661685
            ],
            [
              46.53628899999999,
              24.66215
            ],
            [
              46.53578099999999,
              24.663044
            ],
            [
              46.535347,
              24.663371
            ],
            [
              46.534335,
              24.663648
            ],
            [
              46.53369900000001,
              24.66359
            ],
            [
              46.53140499999999,
              24.662465
            ],
            [
              46.531192,
              24.662829
            ],
            [
              46.531096,
              24.662856
            ],
            [
              46.530102,
              24.662371
            ],
            [
              46.53007300000001,
              24.662284
            ],
            [
              46.530297,
              24.661907
            ],
            [
              46.530221,
              24.661869
            ],
            [
              46.529818,
              24.661751
            ],
            [
              46.52956699999999,
              24.661726
            ],
            [
              46.529226,
              24.661752
            ],
            [
              46.528838,
              24.661851
            ],
            [
              46.528566,
              24.661975
            ],
            [
              46.5284885,
              24.6620364
            ],
            [
              46.528302,
              24.662165
            ],
            [
              46.52824269999999,
              24.6622424
            ],
            [
              46.528025,
              24.66246
            ],
            [
              46.528592,
              24.662889
            ],
            [
              46.528654,
              24.663091
            ],
            [
              46.52814,
              24.663873
            ],
            [
              46.52801000000001,
              24.664189
            ],
            [
              46.528043,
              24.664257
            ],
            [
              46.52857499999999,
              24.664425
            ],
            [
              46.533914,
              24.665643
            ],
            [
              46.534058,
              24.665112
            ],
            [
              46.534118,
              24.665079
            ],
            [
              46.535871,
              24.665478
            ],
            [
              46.53599799999999,
              24.66546
            ],
            [
              46.536231,
              24.665331
            ],
            [
              46.536811,
              24.665032
            ],
            [
              46.537194,
              24.664936
            ],
            [
              46.537667,
              24.664913
            ],
            [
              46.538034,
              24.664964
            ],
            [
              46.5385134,
              24.665122
            ],
            [
              46.538944,
              24.665352
            ],
            [
              46.539185,
              24.665576
            ],
            [
              46.539503,
              24.666038
            ],
            [
              46.539552,
              24.666148
            ],
            [
              46.54012500000001,
              24.66593599999999
            ],
            [
              46.541024,
              24.665921
            ],
            [
              46.541109,
              24.66626
            ],
            [
              46.540019,
              24.666863
            ],
            [
              46.539722,
              24.666855
            ],
            [
              46.5397,
              24.667164
            ],
            [
              46.541305,
              24.667524
            ],
            [
              46.541341,
              24.667578
            ],
            [
              46.541224,
              24.667951
            ],
            [
              46.539593,
              24.667593
            ],
            [
              46.53951500000001,
              24.667879
            ],
            [
              46.54013499999999,
              24.668017
            ],
            [
              46.54017400000001,
              24.668102
            ],
            [
              46.539917,
              24.669066
            ],
            [
              46.539833,
              24.669113
            ],
            [
              46.539013,
              24.668928
            ],
            [
              46.53875599999999,
              24.669881
            ],
            [
              46.538637,
              24.669946
            ],
            [
              46.538167,
              24.669839
            ],
            [
              46.53804999999999,
              24.67026
            ],
            [
              46.537258,
              24.670805
            ],
            [
              46.53723,
              24.670801
            ],
            [
              46.535266,
              24.6686
            ],
            [
              46.53537800000001,
              24.668183
            ],
            [
              46.533975,
              24.667866
            ],
            [
              46.533579,
              24.667251
            ],
            [
              46.53376699999999,
              24.666575
            ],
            [
              46.530959,
              24.665955
            ],
            [
              46.530687,
              24.666545
            ],
            [
              46.52896,
              24.666157
            ],
            [
              46.528924,
              24.666102
            ],
            [
              46.52907799999999,
              24.66553
            ],
            [
              46.52819100000001,
              24.665306
            ],
            [
              46.52778200000001,
              24.665176
            ],
            [
              46.52776999999999,
              24.665153
            ],
            [
              46.52780400000001,
              24.665064
            ],
            [
              46.527825,
              24.665011
            ],
            [
              46.527849,
              24.664949
            ],
            [
              46.52787,
              24.664893
            ],
            [
              46.52785299999999,
              24.664887
            ],
            [
              46.527742,
              24.66485
            ],
            [
              46.527642,
              24.664827
            ],
            [
              46.527618,
              24.664877
            ],
            [
              46.527623,
              24.664926
            ],
            [
              46.52762800000001,
              24.664949
            ],
            [
              46.527638,
              24.664997
            ],
            [
              46.527646,
              24.665039
            ],
            [
              46.527594,
              24.665109
            ],
            [
              46.525988,
              24.667245
            ],
            [
              46.525615,
              24.66748
            ],
            [
              46.525196,
              24.66763
            ],
            [
              46.524648,
              24.667637
            ],
            [
              46.524292,
              24.667574
            ],
            [
              46.51982900000001,
              24.664778
            ],
            [
              46.51901600000001,
              24.665862
            ],
            [
              46.51966,
              24.666265
            ],
            [
              46.519673,
              24.666328
            ],
            [
              46.51935899999999,
              24.666734
            ],
            [
              46.520326,
              24.667356
            ],
            [
              46.52085100000001,
              24.667694
            ],
            [
              46.520863,
              24.667757
            ],
            [
              46.52058399999999,
              24.668119
            ],
            [
              46.520515,
              24.66813
            ],
            [
              46.51999,
              24.667792
            ],
            [
              46.518823,
              24.669304
            ],
            [
              46.521288,
              24.670892
            ],
            [
              46.5213,
              24.670955
            ],
            [
              46.521116,
              24.67119
            ],
            [
              46.521047,
              24.671201
            ],
            [
              46.518654,
              24.669638
            ],
            [
              46.51766899999999,
              24.668994
            ],
            [
              46.517597,
              24.669085
            ],
            [
              46.517219,
              24.669391
            ],
            [
              46.517144,
              24.669393
            ],
            [
              46.51649,
              24.668961
            ],
            [
              46.51621599999999,
              24.668954
            ],
            [
              46.515776,
              24.668863
            ],
            [
              46.515564,
              24.668779
            ],
            [
              46.51519699999999,
              24.668554
            ],
            [
              46.51518299999999,
              24.668491
            ],
            [
              46.51540600000001,
              24.668188
            ],
            [
              46.51547399999999,
              24.668176
            ],
            [
              46.515838,
              24.668399
            ],
            [
              46.516042,
              24.66848
            ],
            [
              46.51623000000001,
              24.668519
            ],
            [
              46.516487,
              24.668521
            ],
            [
              46.516695,
              24.668488
            ],
            [
              46.517025,
              24.668341
            ],
            [
              46.517078,
              24.668309
            ],
            [
              46.5171678,
              24.6682318
            ],
            [
              46.52488100000001,
              24.658041
            ],
            [
              46.525077,
              24.657608
            ],
            [
              46.525149,
              24.657264
            ],
            [
              46.525139,
              24.656798
            ],
            [
              46.525027,
              24.656341
            ],
            [
              46.524835,
              24.655955
            ],
            [
              46.52467699999999,
              24.655756
            ],
            [
              46.524676,
              24.655682
            ],
            [
              46.526099,
              24.653793
            ],
            [
              46.526208,
              24.653774
            ],
            [
              46.52725399999999,
              24.654431
            ],
            [
              46.52717999999999,
              24.654781
            ],
            [
              46.526711,
              24.65539
            ],
            [
              46.526632,
              24.65542200000001
            ],
            [
              46.526816,
              24.655794
            ],
            [
              46.52684199999999,
              24.655898
            ],
            [
              46.52856200000001,
              24.655459
            ],
            [
              46.52862199999999,
              24.65549
            ],
            [
              46.52864,
              24.65556
            ],
            [
              46.529216,
              24.655408
            ],
            [
              46.529274,
              24.655439
            ],
            [
              46.5294335,
              24.6561361
            ],
            [
              46.52949,
              24.656679
            ],
            [
              46.532177,
              24.656683
            ],
            [
              46.532227,
              24.656729
            ],
            [
              46.53222899999999,
              24.657121
            ],
            [
              46.53218,
              24.65717
            ],
            [
              46.52959,
              24.657368
            ],
            [
              46.5293,
              24.657345
            ],
            [
              46.529247,
              24.657386
            ],
            [
              46.529203,
              24.657831
            ],
            [
              46.52915000000001,
              24.657872
            ],
            [
              46.528797,
              24.65783800000001
            ],
            [
              46.528764,
              24.658136
            ],
            [
              46.528635,
              24.658521
            ],
            [
              46.52864700000001,
              24.65870900000001
            ],
            [
              46.529539,
              24.65866
            ],
            [
              46.530739,
              24.658792
            ],
            [
              46.531498,
              24.659018
            ],
            [
              46.532316,
              24.659429
            ],
            [
              46.532335,
              24.65949
            ],
            [
              46.53206500000001,
              24.659939
            ],
            [
              46.53252100000001,
              24.660168
            ],
            [
              46.532793,
              24.660194
            ],
            [
              46.534148,
              24.659817
            ],
            [
              46.5347,
              24.659865
            ],
            [
              46.535676,
              24.660331
            ]
          ]
        ]
      }
    },
    {
      "type": "Feature",
      "id": 5,
      "properties": {
        "id": 5,
        "name": "عقد تنفيذ شبكات المياة بحى البيان رقم (2)فى مدينة الرياض - 24/23/2/01/0017/1 مسلم ابتدائي",
        "description": "https://www.google.com/maps/d/u/0/edit?mid=1Kad9DWhv8RJd0XNIaQtCaB89Pr57exo&usp=sharing<br>عقد تنفيذ شبكات المياة بحى البيان رقم (2)فى مدينة الرياض\t<br>201230481\t<br>مشاريع الحزمة الأولى<br>\tتاريخ التحديث<br>2025-02-06<br>تحت التنفيذ\tRW0505<br>\t<br>1. البيانات الأساسية للمشروع\t<br>اسم المشروع\tعقد تنفيذ شبكات المياة بحى البيان رقم (2)فى مدينة الرياض<br>موقع المشروع\t\" 24.870927°<br> 46.853488°\"<br>الرقم التشغيلى للمشروع\t24/23/2/01/0017/1<br>رقم المشروع / PO\t201230481<br>اسم المقاول\tمؤسسة ثليل للمقاولات<br>اسم الاستشارى\tمكتب الياردة للاستشارات الهندسية <br>تاريخ بداية الموقع / بداية المشروع\t2023-09-13<br>مدة المشروع بالشهر\t24<br>تاريخ النهاية التعاقدي\t2025-09-12<br>مدة التمديد\t0<br>تاريخ النهاية المعدل\t2025-09-12<br><br>تصنيف المشروع\tمياه - شبكات <br>نسبة المدة المنقضية\t71%<br>نسبة الانجاز المخطط\t67%<br>نسبة الانجاز الفعلي\t71%<br>نسبة الاعمال الموقوفة\tلا يوجد<br>تاريخ الايقاف\tلا يوجد<br>تاريخ الاستئناف\tلا يوجد<br>حالة المشروع\tمنتظم<br>التاريخ المخطط لانجاز المشروع\t2025-09-12<br>تاريخ الاستلام الابتدائى \t1900-01-00<br>تاريخ الاستلام النهائي\t1900-01-00<br>\t<br>\t<br>\t<br>\t<br>1. بيانات ادارة المشروع\t<br>\t<br>مدير المشروع / شركة المياه الوطنية\t<br>الاسم\tذعار على نوار العتيبي<br>الايميل\ttaalotaibi@nwc.com.sa<br>رقم الجوال\t0504237717<br>مدير المشروع / الاستشارى\t<br>الاسم\tخالد فيصل نصار<br>الايميل\tkfaisal@nwc.com.sa<br>رقم الجوال\t0538648685<br>مدير المشروع / المقاول\t<br>الاسم\tمؤسسة ثليل للمقاولات<br>الايميل\tmattalla@nwc.com.sa<br>رقم الجوال\t540652676<br>\t<br><br>\t<br>1. متابعة البرامج الزمنية والمغايرات للمشروع\t<br>\t<br>تاريخ اعتماد البرنامج الزمنى الاساسى\t2023-09-27<br>تاريخ آخر تحديث للمشروع على منصة انجاز\t2025-02-06<br>عدد البرامج الزمنية المعتمدة\t1<br>تاريخ اعتماد آخر برنامج زمني معتمد\t2023-09-27<br>مدة المشروع التعاقدية\t <br>عدد التمديدات الزمنية المعتمدة\t0<br>المدد الزمنية المعتمدة\t0<br>تاريخ انتهاء المشروع المعدل\t2025-09-12<br>تاريخ الانتهاء المتوقع\t2025-09-12<br>\t<br>\t<br>1. نطاق ومخرجات المشروع\t<br>\t<br>وصف المشروع\t<br>توريد وتركيب مواسير من البولي ايثيلين بأقطار 110 ملم وبطول تقريبى 82,105م.ط و قطر 160 ملم وبطول تقريبي 38,025م .ط ومواسير دكتايل بقطر 300 مم وبطول 80 م.ط ويتم التنفيذ بحي البيان .\t<br>الهدف من المشروع\t<br>تقديم خدمات شبكات مياه مستدامة ذات جودة عالية في حى البيان لتحسين جودة الحياة اليوم وفي المستقبل\t<br>نطاق /موقع المشروع\t<br>القطاع\tالقطاع الأوسط<br>المنطقة / وحدة العمل\tمدينة الرياض<br>المدينة\tالرياض<br>الاحياء المخدومة\tالبيان<br>\t<br>مخرجات المشروع التعاقدية\t<br>توريد وتركيب مواسير من البولي ايثيلين بأقطار 110 ملم وبطول تقريبى 82,105م.ط و قطر 160 ملم وبطول تقريبي 38,025م .ط ومواسير دكتايل بقطر 300 مم وبطول 80 م.ط ويتم التنفيذ بحي البيان .\t<br>تصنيف الشبكات\tمشاريع المياه<br>عدد محطات التنقية/أو محطات الضخ/الخزان\t0<br>سعة محطات التنقية/أو محطات الضخ /الخزان\t0<br>الاطوال /ك م التعاقدية \t120.21<br>الاطوال /ك م المنفذة \t93.323<br>الاطوال المنفذة خلال الشهر الحالي \t0<br>الاطوال /ك م المتبقية\t26.887<br>الأعمال المتبقية\tالأعمال المنفذة<br>0\t0<br> \t<br>\t<br>التحديات والإجراءات المتخذة\t<br>التحديات والإجراءات المتخذة\tتأثير التحدي على المشروع<br>الشوارع الترابيه + التنسيقات بخصوص نقط الشبك عدد (2) على طريق الجنادريه قطر 1000 مم مع الادارات المختلفة / وشارع محمد عبد الشكور قطر 1600مم + توريد أجهزة قياس التدفق\tتاخير فى الاستفاده من المشروع وعدم خدمه المواطنين.<br>حالة التوريدات\tموقف اراضي التشوين<br>منتظمة\tتم توفير موقع لتشوين القطع الخاصه من قبل المقاول <br>كمية التوريدات\tالمخاطر بالمشروع (متوقع حدوثها)<br>2000 م / ط مواسير بولي ايثيلين اقطار 110$160مم \tتاخر بسبب عدم وجود مخططات معتمدة من الامانة لبعض الطرق الترابية وتقلبات الاحوال الجويه ومخاطر خارجيه تضعف سلاسل التوريد بالمشروع<br> التحديات والمعوقات (حدثت بالفعل وتحتاج إلى تدخل)\t <br>التسيق مع الجهات الخارجية بخصوص استخراج التراخيص اللازمة للعمل ووجود بعض الشوارع الترابيه تحتاج الى مخططات بمناسيب معتمده من الامانه\t0<br>أبرز المعالم والمتغيرات خلال فترة المشروع\tعالي<br>\t<br>1. تقييم أداء المقاول\t<br>\t<br>طاقم العمل\tمكتمل<br>فرق العمل\t0<br>أسباب تأخر اعتماد طاقم المقاول\tالمقاول<br>ملاحظات على أداء المقاول\tالمقاول لم يستكمل الطاقم الفني بالمشروع <br>حالة وثيقة التأمين \tساري<br>\t<br>التنسيقات\t<br>\t<br>جهة التنسيقات\t<br>التنسيقات الداخلية\tالتنسيقات الخارجية <br>ادارة الدراسات والتصاميم\tالأمانة <br>تاثير التنسيق على المشروع\tتاثير التنسيق على المشروع<br>\"في انتظار مراجعة و اعتماد المخططات الجديد الخاصة بشبكيه شارع محمد عبد الشكور و مراجعة شبكيه طريق الجنادرية لرفض العمل بطريقة الحفر المفتوح.<br>\"\tعالي<br>تصنيف التأثير\tتصنيف ال",
        "source": "مشاريع جارية عامة",
        "file": "المشاريع الجاري تنفيذها.kmz"
      },
      "geometry": {
        "type": "Polygon",
        "coordinates": [
          [
            [
              46.8488661,
              24.894981
            ],
            [
              46.84310000000001,
              24.8921
            ],
            [
              46.85020099999999,
              24.8566902
            ],
            [
              46.8505229,
              24.8564566
            ],
            [
              46.8508662,
              24.8565344
            ],
            [
              46.8597497,
              24.8496419
            ],
            [
              46.8695141,
              24.8602632
            ],
            [
              46.8646927,
              24.8637388
            ],
            [
              46.8633945,
              24.864829
            ],
            [
              46.8621607,
              24.8661042
            ],
            [
              46.8613024,
              24.8671944
            ],
            [
              46.8602832,
              24.8687908
            ],
            [
              46.85968230000001,
              24.8698129
            ],
            [
              46.8590064,
              24.8715066
            ],
            [
              46.85848069999999,
              24.8737064
            ],
            [
              46.8575553,
              24.8782438
            ],
            [
              46.8568258,
              24.8820202
            ],
            [
              46.85626790000001,
              24.8849985
            ],
            [
              46.856182,
              24.8852904
            ],
            [
              46.8528132,
              24.8847065
            ],
            [
              46.8488661,
              24.894981
            ]
          ]
        ]
      }
    },
    {
      "type": "Feature",
      "id": 6,
      "properties": {
        "id": 6,
        "name": "عقد تنفيذ شبكات مياه بحي البيان رقم (1) 24/23/2/01/0014/1 مسلم ابتدائي",
        "description": "https://www.google.com/maps/d/u/0/edit?mid=10QB0Edzeg1Xz-mDQoswTnSkBdqepkJA&usp=sharing<br>عقد تنفيذ شبكات مياه بحي البيان رقم (1)\t<br>201230472\t<br>مشاريع الحزمة الأولى<br>\tتاريخ التحديث<br> 2025-02-06<br><br>تحت التنفيذ\tRW0504<br>\t<br>1. البيانات الأساسية للمشروع\t<br>اسم المشروع\tعقد تنفيذ شبكات مياه بحي البيان رقم (1)<br>موقع المشروع\t\" 24.885096°<br> 46.866777°\"<br>الرقم التشغيلى للمشروع\t24/23/2/01/0014/1<br>رقم المشروع / PO\t201230472<br>اسم المقاول\tشركة/ عبدالله ابراهيم الصائغ واولاده<br>اسم الاستشارى\tمكتب الياردة للاستشارات الهندسية <br>تاريخ بداية الموقع / بداية المشروع\t2023-09-13<br>مدة المشروع بالشهر\t24<br>تاريخ النهاية التعاقدي\t2025-09-12<br>مدة التمديد\t0<br>تاريخ النهاية المعدل\t2025-09-12<br><br>تصنيف المشروع\tمياه - شبكات <br>نسبة المدة المنقضية\t71%<br>نسبة الانجاز المخطط\t76%<br>نسبة الانجاز الفعلي\t75%<br>نسبة الاعمال الموقوفة\tلا يوجد<br>تاريخ الايقاف\tلا يوجد<br>تاريخ الاستئناف\tلا يوجد<br>حالة المشروع\tمنتظم<br>التاريخ المخطط لانجاز المشروع\t2025-09-12<br>تاريخ الاستلام الابتدائى \t1900-01-00<br>تاريخ الاستلام النهائي\t1900-01-00<br>\t<br>\t<br>\t<br>\t<br>1. بيانات ادارة المشروع\t<br>\t<br>مدير المشروع / شركة المياه الوطنية\t<br>الاسم\tذعار على نوار العتيبي<br>الايميل\ttaalotaibi@nwc.com.sa<br>رقم الجوال\t0504237717<br>مدير المشروع / الاستشارى\t<br>الاسم\tخالد فيصل نصار<br>الايميل\tkfaisal@nwc.com.sa<br>رقم الجوال\t0538648685<br>مدير المشروع / المقاول\t<br>الاسم\tشركة/ عبدالله ابراهيم الصائغ واولاده<br>الايميل\temaelshabrawy@nwc.com.sa<br>رقم الجوال\t598869335<br>\t<br>\t<br>\t<br>\t<br><br>1. متابعة البرامج الزمنية والمغايرات للمشروع\t<br>\t<br>تاريخ اعتماد البرنامج الزمنى الاساسى\t2023-10-08<br>تاريخ آخر تحديث للمشروع على منصة انجاز\t2025-02-06<br>عدد البرامج الزمنية المعتمدة\t1<br>تاريخ اعتماد آخر برنامج زمني معتمد\t2023-10-08<br>مدة المشروع التعاقدية\t <br>عدد التمديدات الزمنية المعتمدة\t0<br>المدد الزمنية المعتمدة\t0<br>تاريخ انتهاء المشروع المعدل\t2025-09-12<br>تاريخ الانتهاء المتوقع\t2025-09-12<br>\t<br>\t<br>1. نطاق ومخرجات المشروع\t<br>\t<br>وصف المشروع\t<br>توريد وتركيب مواسير من البولي ايثيلين بأقطار 110 ملم وبطول تقريبى 151,555 م.ط و قطر 160 ملم وبطول تقريبي 75,475م .ط ومواسير دكتايل بقطر 300 مم وبطول 130 م.ط ويتم التنفيذ بحي البيان .\t<br>الهدف من المشروع\t<br>تقديم خدمات شبكات مياه مستدامة ذات جودة عالية في حى البيان لتحسين جودة الحياة اليوم وفي المستقبل\t<br>نطاق /موقع المشروع\t<br>القطاع\tالقطاع الأوسط<br>المنطقة / وحدة العمل\tمدينة الرياض<br>المدينة\tالرياض<br>الاحياء المخدومة\tالبيان<br>\t<br>مخرجات المشروع التعاقدية\t<br>توريد وتركيب مواسير من البولي ايثيلين بأقطار 110 ملم وبطول تقريبى 151,555 م.ط و قطر 160 ملم وبطول تقريبي 75,475م .ط ومواسير دكتايل بقطر 300 مم وبطول 130 م.ط ويتم التنفيذ بحي البيان .\t<br>تصنيف الشبكات\tمشاريع المياه<br>عدد محطات التنقية/أو محطات الضخ/الخزان\t0<br>سعة محطات التنقية/أو محطات الضخ /الخزان\t0<br>الاطوال /ك م التعاقدية \t227.16<br>الاطوال /ك م المنفذة \t194.873<br>الاطوال المنفذة خلال الشهر الحالي \t0<br>الاطوال /ك م المتبقية\t32.287<br>الأعمال المتبقية\tالأعمال المنفذة<br>0\t0<br> \t<br>\t<br>التحديات والإجراءات المتخذة\t<br>التحديات والإجراءات المتخذة\tتأثير التحدي على المشروع<br>الشوارع الترابية بالمشروع + التنسيق والشبك على عقد تنفيذ المرحله الثانيه من المخطط الاستراتيجى للمياه لمدينه الرياض عقد رقم ( 2 ) مقاوله شركة نظم البيئة للمقاولات + توريد اجهزة قياس التدفق\tتاخير فى الاستفاده من المشروع وعدم خدمه المواطنين<br>حالة التوريدات\tموقف اراضي التشوين<br>منتظمة\tتم توفير موقع لتشوين القطع الخاصه من قبل المقاول <br>كمية التوريدات\tالمخاطر بالمشروع (متوقع حدوثها)<br>2000 م / ط مواسير بولي ايثيلين اقطار 110مم & 160 مم\tتاخر بسبب عدم وجود مخططات معتمدة من الامانة لبعض الطرق الترابية وتقلبات الاحوال الجويه ومخاطر خارجية تضعف سلاسل التوريد بالمشروع<br> التحديات والمعوقات (حدثت بالفعل وتحتاج إلى تدخل)\t <br>التسيق مع الجهات الخارجية بخصوص استخراج التراخيص اللازمة للعمل ووجود بعض الشوارع الترابية تحتاج الى مخططات بمناسيب معتمدة من قبل الامانه\t0<br>أبرز المعالم والمتغيرات خلال فترة المشروع\t0<br>\t<br>1. تقييم أداء المقاول\t<br>\t<br>طاقم العمل\tمكتمل<br>فرق العمل\t0<br>أسباب تأخر اعتماد طاقم المقاول\tلا يوجد<br>ملاحظات على أداء المقاول\tملتزم<br>حالة وثيقة التأمين \tساري<br>\t<br>التنسيقات\t<br>\t<br>جهة التنسيقات\t<br>التنسيقات الداخلية\tالتنسيقات الخارجية <br>1900-01-00\tالأمانة <br>تاثير التنسيق على المشروع\tتاثير التنسيق على المشروع<br>0\tعالي<br>تصنيف التأثير\tتصنيف التأثير<br>0\tعالي<br>وصف التأثير بالتفصيل\tوصف التأثير بالتفصيل<br>0\t\"عدم وجود احداثيات و مناسيب الشوارع الترابية لاستكمال الاعمال وذلك لخدمه المواطنين.<br>\"<br>تاري",
        "source": "مشاريع جارية عامة",
        "file": "المشاريع الجاري تنفيذها.kmz"
      },
      "geometry": {
        "type": "Polygon",
        "coordinates": [
          [
            [
              46.867575,
              24.905046
            ],
            [
              46.8488661,
              24.894981
            ],
            [
              46.85300900000001,
              24.88489
            ],
            [
              46.856367,
              24.885478
            ],
            [
              46.858052,
              24.8772431
            ],
            [
              46.858832,
              24.872959
            ],
            [
              46.85950799999999,
              24.870856
            ],
            [
              46.860356,
              24.869026
            ],
            [
              46.86165399999999,
              24.86717
            ],
            [
              46.862792,
              24.865753
            ],
            [
              46.869803,
              24.860288
            ],
            [
              46.8701682,
              24.8600573
            ],
            [
              46.87197500000001,
              24.862969
            ],
            [
              46.873073,
              24.866583
            ],
            [
              46.8735189,
              24.8677862
            ],
            [
              46.8740929,
              24.8692171
            ],
            [
              46.874618,
              24.870089
            ],
            [
              46.8758438,
              24.8726485
            ],
            [
              46.876079,
              24.873713
            ],
            [
              46.8767056,
              24.8771845
            ],
            [
              46.87753169999999,
              24.8789462
            ],
            [
              46.88118070000001,
              24.8832158
            ],
            [
              46.88403999999999,
              24.886088
            ],
            [
              46.867575,
              24.905046
            ]
          ]
        ]
      }
    },
    {
      "type": "Feature",
      "id": 7,
      "properties": {
        "id": 7,
        "name": "عقد تنفيذ شبكات المياه بمركزي العيينة والجبيلة بمحافظة الدرعية تم انهاء العقد",
        "description": "عقد تنفيذ شبكات المياه بمركزي العيينة والجبيلة بمحافظة الدرعية<br>201230788<br>تاريخ التحديث<br>2024-11-26<br>https://www.google.com/maps/d/edit?mid=1-QUrYtKrOx-hixW9E1jrvTLz6E7j9gQ&usp=sharing<br>عقد تنفيذ شبكات المياه بمركزي العيينة والجبيلة بمحافظة الدرعية\t<br>201230788\t<br>مشاريع الحزمة الأولى\t<br>تاريخ التحديث<br> 2025-02-13<br><br>تحت التنفيذ\tRW0516<br>\t<br>1. البيانات الأساسية للمشروع\t<br>اسم المشروع\tعقد تنفيذ شبكات المياه بمركزي العيينة والجبيلة بمحافظة الدرعية<br>موقع المشروع\t24.91304, 46.44618<br>الرقم التشغيلى للمشروع\t01/23/2/01/0017/1<br>رقم المشروع / PO\t201230788<br>اسم المقاول\tشركة المطوع للتجارة والخدمات العامة<br>اسم الاستشارى\tمكتب الياردة للاستشارات الهندسية <br>تاريخ بداية الموقع / بداية المشروع\t2024-01-17<br>مدة المشروع بالشهر\t24<br>تاريخ النهاية التعاقدي\t2026-01-16<br>مدة التمديد\t0<br>تاريخ النهاية المعدل\t2026-01-16<br>قيمة المشروع التعاقدية\t17,157,267.00 ر.س.‏<br>قيمة الزيادة او التخفيض\t0.00 ر.س.‏<br>قيمة المشروع المعدلة\t17,157,267.00 ر.س.‏<br>قيمة المشروع المعدلة شامل الضريبة المضافة\t19,730,857.05 ر.س.‏<br>تصنيف المشروع\tمياه - شبكات <br>نسبة المدة المنقضية\t54%<br>نسبة الانجاز المخطط\t49%<br>نسبة الانجاز الفعلي\t21%<br>نسبة الاعمال الموقوفة\t0%<br>تاريخ الايقاف\tلا يوجد<br>تاريخ الاستئناف\tلا يوجد<br>حالة المشروع\tمتأخر يلزم انذار<br>التاريخ المخطط لانجاز المشروع\t2026-01-16<br>تاريخ الاستلام الابتدائى \t1900-01-00<br>تاريخ الاستلام النهائي\t1900-01-00<br>\t<br>\t<br>\t<br>\t<br>1. بيانات ادارة المشروع\t<br>\t<br>مدير المشروع / شركة المياه الوطنية\t<br>الاسم\tعبدالرحمن ثابت سليمان العسافي<br>الايميل\tAhmed-salah@gmail.com<br>رقم الجوال\t0555418744<br>مدير المشروع / الاستشارى\t<br>الاسم\tحسين حمدي<br>الايميل\thushamdi@nwc.com.sa<br>رقم الجوال\t0559691024<br>مدير المشروع / المقاول\t<br>الاسم\tشركة المطوع للتجارة والخدمات العامة<br>الايميل\tAhmed-salah@gmail.com<br>رقم الجوال\t0569593788<br>\t<br>\t<br>\t<br>\t<br>1. البيانات المالية للمشروع\t<br>\t<br>حالة قيمة الأعمال المفوترة \tمنتظم<br>مؤشر قيمة الأعمال المفوترة\t9%<br>نسبة الانجاز الفعلي\t21%<br>قيمة الأعمال المنفذة\t3,525,818.37 ر.س.‏<br>قيمة الدفعة المقدمة\t0.00 ر.س.‏<br>نسبة الدفعة المقدمة\t<br>عدد المستخلصات المرفوعة المعتمدة\t8<br>رقم وتاريخ أخر مستخلص معتمد\t2024-12-25<br>قيمة الاعمال المصروفة\t3,211,241.90 ر.س.‏<br>نسبة الوفر المالي المتوقع\t0%<br>قيمة الوفر المالي المتوقع\t0.00 ر.س.‏<br>\t<br>\t<br>\t<br>\t<br>\t<br>\t<br>1. متابعة البرامج الزمنية والمغايرات للمشروع\t<br>\t<br>تاريخ اعتماد البرنامج الزمنى الاساسى\t2024-02-21<br>تاريخ آخر تحديث للمشروع على منصة انجاز\t2025-02-13<br>عدد البرامج الزمنية المعتمدة\t1<br>تاريخ اعتماد آخر برنامج زمني معتمد\t2024-02-21<br>مدة المشروع التعاقدية\t <br>عدد التمديدات الزمنية المعتمدة\t0<br>المدد الزمنية المعتمدة\t0<br>تاريخ انتهاء المشروع المعدل\t2026-01-16<br>تاريخ الانتهاء المتوقع\t2026-01-16<br>\t<br>\t<br>1. نطاق ومخرجات المشروع\t<br>\t<br>وصف المشروع\t<br>توريد وتركيب مواسير من البولي ايثيلين بأقطار 110 ملم وبطول تقريبى 74,000م.ط و قطر 160 ملم وبطول تقريبي 20,000م .ط ومواسير من البولى ايثلين قطر 250مم وطول تقريبى2000م وقطر 400مم وبطول تقريبى 1300م وقطر 500مم و بطول تقريبى 1800 مو ويتم التنفيذ بمركزى العيينه والجبيله بمحافظه الدرعيه.\t<br>الهدف من المشروع\t<br>تقديم خدمات شبكات مياه مستدامة ذات جودة عالية في حي العيينه والجبيله لتحسين جودة الحياة اليوم وفي المستقبل\t<br>نطاق /موقع المشروع\t<br>القطاع\tالقطاع الأوسط<br>المنطقة / وحدة العمل\tمدينة الرياض<br>المدينة\tالرياض<br>الاحياء المخدومة\tالعيينة والجبيلة<br>\t<br>مخرجات المشروع التعاقدية\t<br>توريد وتركيب مواسير من البولي ايثيلين بأقطار 110 ملم وبطول تقريبى 74,000م.ط و قطر 160 ملم وبطول تقريبي 20,000م .ط ومواسير من البولى ايثلين قطر 250مم وطول تقريبى2000م وقطر 400مم وبطول تقريبى 1300م وقطر 500مم و بطول تقريبى 1800 مو ويتم التنفيذ بمركزى العيينه والجبيله بمحافظه الدرعيه.\t<br>تصنيف الشبكات\tمشاريع المياه<br>عدد محطات التنقية/أو محطات الضخ/الخزان\t0<br>سعة محطات التنقية/أو محطات الضخ /الخزان\t0<br>الاطوال /ك م التعاقدية \t99.1<br>الاطوال /ك م المنفذة \t13.55<br>الاطوال المنفذة خلال الشهر الحالي \t0<br>الاطوال /ك م المتبقية\t85.55<br>الأعمال المتبقية\tالأعمال المنفذة<br>0\tتمديد مواسير قطر 500 مم بطول 1000 متر ومواسير قطر 160مم بطول 1050 متر <br> \t<br>\t<br>التحديات والإجراءات المتخذة\t<br>التحديات والإجراءات المتخذة\tتأثير التحدي على المشروع<br>تعارض مسارات الكهرباء ووجود خطوط منفذة بالفعل\tتاخير الانجاز الفعلي<br>حالة التوريدات\tموقف اراضي التشوين<br>منتظمة\tتم توفير موقع لتشوين المواد من قبل المقاول<br>كمية التوريدات\tالمخاطر بالمشروع (متوقع حدوثها)<br>5500 م / ط مواسير بولي ايثيلين اقطار 110مم & 160 مم & 500",
        "source": "مشاريع جارية عامة",
        "file": "المشاريع الجاري تنفيذها.kmz"
      },
      "geometry": {
        "type": "Polygon",
        "coordinates": [
          [
            [
              46.4406041,
              24.8936298
            ],
            [
              46.44357400000001,
              24.894556
            ],
            [
              46.443049,
              24.895962
            ],
            [
              46.44169,
              24.90021
            ],
            [
              46.439875,
              24.903223
            ],
            [
              46.439202,
              24.904032
            ],
            [
              46.435349,
              24.910215
            ],
            [
              46.431431,
              24.9082
            ],
            [
              46.43123599999999,
              24.90806
            ],
            [
              46.430688,
              24.907561
            ],
            [
              46.429935,
              24.907378
            ],
            [
              46.429738,
              24.907238
            ],
            [
              46.429036,
              24.906578
            ],
            [
              46.428886,
              24.906398
            ],
            [
              46.428505,
              24.906652
            ],
            [
              46.4283185,
              24.9065126
            ],
            [
              46.427617,
              24.905799
            ],
            [
              46.427486,
              24.905606
            ],
            [
              46.4297204,
              24.9036944
            ],
            [
              46.430658,
              24.904718
            ],
            [
              46.43474999999999,
              24.901173
            ],
            [
              46.434205,
              24.9006971
            ],
            [
              46.437652,
              24.898566
            ],
            [
              46.439181,
              24.896774
            ],
            [
              46.4405611,
              24.8937248
            ],
            [
              46.4405635,
              24.8937253
            ],
            [
              46.4406041,
              24.8936298
            ]
          ]
        ]
      }
    },
    {
      "type": "Feature",
      "id": 8,
      "properties": {
        "id": 8,
        "name": "عقد تنفيذ شبكات المياه بمركزي العيينة والجبيلة بمحافظة الدرعية تم انهاء العقد",
        "description": "عقد تنفيذ شبكات المياه بمركزي العيينة والجبيلة بمحافظة الدرعية<br>201230788<br>تاريخ التحديث<br>2024-11-26<br>https://www.google.com/maps/d/edit?mid=1-QUrYtKrOx-hixW9E1jrvTLz6E7j9gQ&usp=sharing<br>عقد تنفيذ شبكات المياه بمركزي العيينة والجبيلة بمحافظة الدرعية\t<br>201230788\t<br>مشاريع الحزمة الأولى\t<br>تاريخ التحديث<br> 2025-02-13<br><br>تحت التنفيذ\tRW0516<br>\t<br>1. البيانات الأساسية للمشروع\t<br>اسم المشروع\tعقد تنفيذ شبكات المياه بمركزي العيينة والجبيلة بمحافظة الدرعية<br>موقع المشروع\t24.91304, 46.44618<br>الرقم التشغيلى للمشروع\t01/23/2/01/0017/1<br>رقم المشروع / PO\t201230788<br>اسم المقاول\tشركة المطوع للتجارة والخدمات العامة<br>اسم الاستشارى\tمكتب الياردة للاستشارات الهندسية <br>تاريخ بداية الموقع / بداية المشروع\t2024-01-17<br>مدة المشروع بالشهر\t24<br>تاريخ النهاية التعاقدي\t2026-01-16<br>مدة التمديد\t0<br>تاريخ النهاية المعدل\t2026-01-16<br>قيمة المشروع التعاقدية\t17,157,267.00 ر.س.‏<br>قيمة الزيادة او التخفيض\t0.00 ر.س.‏<br>قيمة المشروع المعدلة\t17,157,267.00 ر.س.‏<br>قيمة المشروع المعدلة شامل الضريبة المضافة\t19,730,857.05 ر.س.‏<br>تصنيف المشروع\tمياه - شبكات <br>نسبة المدة المنقضية\t54%<br>نسبة الانجاز المخطط\t49%<br>نسبة الانجاز الفعلي\t21%<br>نسبة الاعمال الموقوفة\t0%<br>تاريخ الايقاف\tلا يوجد<br>تاريخ الاستئناف\tلا يوجد<br>حالة المشروع\tمتأخر يلزم انذار<br>التاريخ المخطط لانجاز المشروع\t2026-01-16<br>تاريخ الاستلام الابتدائى \t1900-01-00<br>تاريخ الاستلام النهائي\t1900-01-00<br>\t<br>\t<br>\t<br>\t<br>1. بيانات ادارة المشروع\t<br>\t<br>مدير المشروع / شركة المياه الوطنية\t<br>الاسم\tعبدالرحمن ثابت سليمان العسافي<br>الايميل\tAhmed-salah@gmail.com<br>رقم الجوال\t0555418744<br>مدير المشروع / الاستشارى\t<br>الاسم\tحسين حمدي<br>الايميل\thushamdi@nwc.com.sa<br>رقم الجوال\t0559691024<br>مدير المشروع / المقاول\t<br>الاسم\tشركة المطوع للتجارة والخدمات العامة<br>الايميل\tAhmed-salah@gmail.com<br>رقم الجوال\t0569593788<br>\t<br>\t<br>\t<br>\t<br>1. البيانات المالية للمشروع\t<br>\t<br>حالة قيمة الأعمال المفوترة \tمنتظم<br>مؤشر قيمة الأعمال المفوترة\t9%<br>نسبة الانجاز الفعلي\t21%<br>قيمة الأعمال المنفذة\t3,525,818.37 ر.س.‏<br>قيمة الدفعة المقدمة\t0.00 ر.س.‏<br>نسبة الدفعة المقدمة\t<br>عدد المستخلصات المرفوعة المعتمدة\t8<br>رقم وتاريخ أخر مستخلص معتمد\t2024-12-25<br>قيمة الاعمال المصروفة\t3,211,241.90 ر.س.‏<br>نسبة الوفر المالي المتوقع\t0%<br>قيمة الوفر المالي المتوقع\t0.00 ر.س.‏<br>\t<br>\t<br>\t<br>\t<br>\t<br>\t<br>1. متابعة البرامج الزمنية والمغايرات للمشروع\t<br>\t<br>تاريخ اعتماد البرنامج الزمنى الاساسى\t2024-02-21<br>تاريخ آخر تحديث للمشروع على منصة انجاز\t2025-02-13<br>عدد البرامج الزمنية المعتمدة\t1<br>تاريخ اعتماد آخر برنامج زمني معتمد\t2024-02-21<br>مدة المشروع التعاقدية\t <br>عدد التمديدات الزمنية المعتمدة\t0<br>المدد الزمنية المعتمدة\t0<br>تاريخ انتهاء المشروع المعدل\t2026-01-16<br>تاريخ الانتهاء المتوقع\t2026-01-16<br>\t<br>\t<br>1. نطاق ومخرجات المشروع\t<br>\t<br>وصف المشروع\t<br>توريد وتركيب مواسير من البولي ايثيلين بأقطار 110 ملم وبطول تقريبى 74,000م.ط و قطر 160 ملم وبطول تقريبي 20,000م .ط ومواسير من البولى ايثلين قطر 250مم وطول تقريبى2000م وقطر 400مم وبطول تقريبى 1300م وقطر 500مم و بطول تقريبى 1800 مو ويتم التنفيذ بمركزى العيينه والجبيله بمحافظه الدرعيه.\t<br>الهدف من المشروع\t<br>تقديم خدمات شبكات مياه مستدامة ذات جودة عالية في حي العيينه والجبيله لتحسين جودة الحياة اليوم وفي المستقبل\t<br>نطاق /موقع المشروع\t<br>القطاع\tالقطاع الأوسط<br>المنطقة / وحدة العمل\tمدينة الرياض<br>المدينة\tالرياض<br>الاحياء المخدومة\tالعيينة والجبيلة<br>\t<br>مخرجات المشروع التعاقدية\t<br>توريد وتركيب مواسير من البولي ايثيلين بأقطار 110 ملم وبطول تقريبى 74,000م.ط و قطر 160 ملم وبطول تقريبي 20,000م .ط ومواسير من البولى ايثلين قطر 250مم وطول تقريبى2000م وقطر 400مم وبطول تقريبى 1300م وقطر 500مم و بطول تقريبى 1800 مو ويتم التنفيذ بمركزى العيينه والجبيله بمحافظه الدرعيه.\t<br>تصنيف الشبكات\tمشاريع المياه<br>عدد محطات التنقية/أو محطات الضخ/الخزان\t0<br>سعة محطات التنقية/أو محطات الضخ /الخزان\t0<br>الاطوال /ك م التعاقدية \t99.1<br>الاطوال /ك م المنفذة \t13.55<br>الاطوال المنفذة خلال الشهر الحالي \t0<br>الاطوال /ك م المتبقية\t85.55<br>الأعمال المتبقية\tالأعمال المنفذة<br>0\tتمديد مواسير قطر 500 مم بطول 1000 متر ومواسير قطر 160مم بطول 1050 متر <br> \t<br>\t<br>التحديات والإجراءات المتخذة\t<br>التحديات والإجراءات المتخذة\tتأثير التحدي على المشروع<br>تعارض مسارات الكهرباء ووجود خطوط منفذة بالفعل\tتاخير الانجاز الفعلي<br>حالة التوريدات\tموقف اراضي التشوين<br>منتظمة\tتم توفير موقع لتشوين المواد من قبل المقاول<br>كمية التوريدات\tالمخاطر بالمشروع (متوقع حدوثها)<br>5500 م / ط مواسير بولي ايثيلين اقطار 110مم & 160 مم & 500",
        "source": "مشاريع جارية عامة",
        "file": "المشاريع الجاري تنفيذها.kmz"
      },
      "geometry": {
        "type": "Polygon",
        "coordinates": [
          [
            [
              46.4406041,
              24.8936298
            ],
            [
              46.4405611,
              24.8937248
            ],
            [
              46.4399207,
              24.8935982
            ],
            [
              46.439032,
              24.8933795
            ],
            [
              46.4387066,
              24.893302
            ],
            [
              46.43760399999999,
              24.8932785
            ],
            [
              46.4366162,
              24.8933444
            ],
            [
              46.43502759999999,
              24.8936147
            ],
            [
              46.43357579999999,
              24.8938728
            ],
            [
              46.4310152,
              24.8946052
            ],
            [
              46.4275891,
              24.8955747
            ],
            [
              46.4239609,
              24.8965534
            ],
            [
              46.42246860000001,
              24.8974904
            ],
            [
              46.42142700000001,
              24.8984468
            ],
            [
              46.42085529999999,
              24.8990818
            ],
            [
              46.42057830000001,
              24.8995564
            ],
            [
              46.4193677,
              24.9014776
            ],
            [
              46.4176635,
              24.9031458
            ],
            [
              46.4149418,
              24.904497
            ],
            [
              46.4137469,
              24.9047859
            ],
            [
              46.4130368,
              24.9048257
            ],
            [
              46.4123266,
              24.904846
            ],
            [
              46.4111567,
              24.9046869
            ],
            [
              46.4103086,
              24.904411
            ],
            [
              46.4054153,
              24.9025552
            ],
            [
              46.40457649999999,
              24.9024246
            ],
            [
              46.40204570000001,
              24.9026062
            ],
            [
              46.3984737,
              24.9036214
            ],
            [
              46.3972405,
              24.9037414
            ],
            [
              46.3961367,
              24.9037282
            ],
            [
              46.3947372,
              24.9039552
            ],
            [
              46.393619,
              24.9044481
            ],
            [
              46.39250079999999,
              24.9048438
            ],
            [
              46.3925966,
              24.905167
            ],
            [
              46.3926008,
              24.9060557
            ],
            [
              46.3942842,
              24.90656
            ],
            [
              46.3941103,
              24.9068972
            ],
            [
              46.39403049999999,
              24.907041
            ],
            [
              46.3919477,
              24.9064602
            ],
            [
              46.39156619999999,
              24.906368
            ],
            [
              46.3910428,
              24.9064825
            ],
            [
              46.3905129,
              24.90604340000001
            ],
            [
              46.3902908,
              24.90596499999999
            ],
            [
              46.3900833,
              24.9057798
            ],
            [
              46.38960749999999,
              24.9062564
            ],
            [
              46.3897978,
              24.9066662
            ],
            [
              46.38968749999999,
              24.9067534
            ],
            [
              46.3894337,
              24.9069938
            ],
            [
              46.3892657,
              24.9073121
            ],
            [
              46.3895431,
              24.9075537
            ],
            [
              46.3891337,
              24.9082503
            ],
            [
              46.388322,
              24.9104406
            ],
            [
              46.38764259999999,
              24.9100624
            ],
            [
              46.38547890000001,
              24.9076254
            ],
            [
              46.38204930000001,
              24.9097814
            ],
            [
              46.3821898,
              24.9102535
            ],
            [
              46.3826199,
              24.9106672
            ],
            [
              46.38420709999999,
              24.9123803
            ],
            [
              46.384723,
              24.911965
            ],
            [
              46.3850726,
              24.9118027
            ],
            [
              46.3855384,
              24.9116921
            ],
            [
              46.3855367,
              24.9117629
            ],
            [
              46.3849018,
              24.9119896
            ],
            [
              46.38330650000001,
              24.913221
            ],
            [
              46.38389799999999,
              24.914285
            ],
            [
              46.3837754,
              24.9143192
            ],
            [
              46.3831272,
              24.9133221
            ],
            [
              46.3820774,
              24.9143636
            ],
            [
              46.3812008,
              24.914773
            ],
            [
              46.38077819999999,
              24.9153193
            ],
            [
              46.3807483,
              24.9157309
            ],
            [
              46.3805382,
              24.9157755
            ],
            [
              46.3804581,
              24.915356
            ],
            [
              46.3809438,
              24.9145333
            ],
            [
              46.3806448,
              24.9135624
            ],
            [
              46.3802815,
              24.9131364
            ],
            [
              46.3825559,
              24.9111093
            ],
            [
              46.3820409,
              24.9105336
            ],
            [
              46.38178330000001,
              24.9100414
            ],
            [
              46.3817297,
              24.9096006
            ],
            [
              46.3816727,
              24.9095225
            ],
            [
              46.3802102,
              24.9097751
            ],
            [
              46.3798494,
              24.9097063
            ],
            [
              46.3799044,
              24.909618
            ],
            [
              46.3801894,
              24.9096712
            ],
            [
              46.381952,
              24.9093475
            ],
            [
              46.3838846,
              24.9082222
            ],
            [
              46.3855269,
              24.9072898
            ],
            [
              46.3846586,
              24.9069024
            ],
            [
              46.380271,
              24.9058039
            ],
            [
              46.3766726,
              24.904619
            ],
            [
              46.376235,
              24.9044142
            ],
            [
              46.375308,
              24.9055025
            ],
            [
              46.3774172,
              24.9084007
            ],
            [
              46.37638939999999,
              24.9084559
            ],
            [
              46.37542810000001,
              24.9079629
            ],
            [
              46.3747072,
              24.908203
            ],
            [
              46.3744808,
              24.9077732
            ],
            [
              46.3751342,
              24.9072656
            ],
            [
              46.37395190000001,
              24.9062115
            ],
            [
              46.3757609,
              24.9041227
            ],
            [
              46.3755529,
              24.903805
            ],
            [
              46.3731973,
              24.9013081
            ],
            [
              46.3726273,
              24.901019
            ],
            [
              46.37198220000001,
              24.9007689
            ],
            [
              46.36876910000001,
              24.8997193
            ],
            [
              46.3658584,
              24.8986376
            ],
            [
              46.3659313,
              24.8984934
            ],
            [
              46.3688827,
              24.8995344
            ],
            [
              46.37041740000001,
              24.9000986
            ],
            [
              46.3719521,
              24.9006556
            ],
            [
              46.37273340000001,
              24.9009323
            ],
            [
              46.37358540000001,
              24.9014064
            ],
            [
              46.3741509,
              24.9019743
            ],
            [
              46.3751616,
              24.9031601
            ],
            [
              46.3757821,
              24.9038042
            ],
            [
              46.3761256,
              24.9041112
            ],
            [
              46.3766704,
              24.9044668
            ],
            [
              46.3803586,
              24.9056933
            ],
            [
              46.3828358,
              24.9063236
            ],
            [
              46.3856348,
              24.9069733
            ],
            [
              46.38663110000001,
              24.9069586
            ],
            [
              46.3880949,
              24.9066495
            ],
            [
              46.38894470000001,
              24.9063198
            ],
            [
              46.3903782,
              24.9053473
            ],
            [
              46.3909071,
              24.9050799
            ],
            [
              46.391767,
              24.9047663
            ],
            [
              46.3928246,
              24.9045024
            ],
            [
              46.3939328,
              24.9039422
            ],
            [
              46.3947083,
              24.9036157
            ],
            [
              46.3977174,
              24.9033665
            ],
            [
              46.40035919999999,
              24.902658
            ],
            [
              46.4047175,
              24.9018521
            ],
            [
              46.4097543,
              24.9037191
            ],
            [
              46.4118329,
              24.90447259999999
            ],
            [
              46.41293649999999,
              24.9045282
            ],
            [
              46.4139544,
              24.9043891
            ],
            [
              46.4156222,
              24.9037839
            ],
            [
              46.4174187,
              24.9028089
            ],
            [
              46.41809790000001,
              24.902372
            ],
            [
              46.4190346,
              24.9014096
            ],
            [
              46.4203715,
              24.8993874
            ],
            [
              46.4209091,
              24.89864
            ],
            [
              46.4219938,
              24.8975422
            ],
            [
              46.4235194,
              24.8965437
            ],
            [
              46.4249902,
              24.8960589
            ],
            [
              46.4271043,
              24.8955027
            ],
            [
              46.4331256,
              24.8936564
            ],
            [
              46.4363412,
              24.8932552
            ],
            [
              46.4373119,
              24.8931337
            ],
            [
              46.4382825,
              24.8931485
            ],
            [
              46.43881960000001,
              24.8931878
            ],
            [
              46.43931389999999,
              24.8933146
            ],
            [
              46.4399738,
              24.8934625
            ],
            [
              46.4406041,
              24.8936298
            ]
          ]
        ]
      }
    },
    {
      "type": "Feature",
      "id": 9,
      "properties": {
        "id": 9,
        "name": "عقد تنفيذ شبكات مياه بحي النرجس - مشروع جاري",
        "description": "جاري االتنفيذ",
        "source": "مشاريع جارية عامة",
        "file": "المشاريع الجاري تنفيذها.kmz"
      },
      "geometry": {
        "type": "Polygon",
        "coordinates": [
          [
            [
              46.65974649999999,
              24.8857212
            ],
            [
              46.6572474,
              24.8900959
            ],
            [
              46.65267609999999,
              24.8881005
            ],
            [
              46.65498290000001,
              24.8836384
            ],
            [
              46.65974649999999,
              24.8857212
            ]
          ]
        ]
      }
    },
    {
      "type": "Feature",
      "id": 10,
      "properties": {
        "id": 10,
        "name": "عقد تنفيذ شبكات صرف صحى بأجزاء من حى الملقا 24/23/2/02/0042/1",
        "description": "الوصف: <br><br>الإحداثيات: 24.8146690, 46.5864400<br>فتح في خرائط Google 📍 (https://www.google.com/maps?q=24.8146690,46.5864400)<br>اسم المشروع: -<br>اسم المقاول: -<br>اسم مقاول الباطن: -<br>اسم الاستشاري: -<br>المالك: -<br>حالة المشروع: -<br>تصنيف المشروع: -<br>تصنيف اداري: -<br>البرنامج: -<br>تاريخ البداية: -<br>تاريخ النهاية: -<br>تاريخ النهاية المعدل: -<br>الازبلت: -<br>الاستلام الابتدائي: -<br>الاستلام النهائي: -<br>عدد الاستلامات الجزئي: -<br>تاريخ آخر جزء مسلم: -<br>تاريخ الاستلام الجزئي: -",
        "source": "مشاريع الصرف الصحي",
        "file": "مشاريع الصرف الصحي الجارية.kmz"
      },
      "geometry": {
        "type": "Polygon",
        "coordinates": [
          [
            [
              46.58644,
              24.814669
            ],
            [
              46.588803,
              24.80986
            ],
            [
              46.589626,
              24.810197
            ],
            [
              46.590484,
              24.808411
            ],
            [
              46.595423,
              24.810473
            ],
            [
              46.59499799999999,
              24.811349
            ],
            [
              46.595676,
              24.811611
            ],
            [
              46.59428,
              24.814332
            ],
            [
              46.59699799999999,
              24.815417
            ],
            [
              46.59542399999999,
              24.818479
            ],
            [
              46.58644,
              24.814669
            ]
          ]
        ]
      }
    },
    {
      "type": "Feature",
      "id": 11,
      "properties": {
        "id": 11,
        "name": "عقد تنفيذ شبكات صرف صحي بحي حطين - عقد رقم 3 - 24/23/2/02/0013/1",
        "description": "الوصف: <br><br>الإحداثيات: 24.7599228, 46.5967754<br>فتح في خرائط Google 📍 (https://www.google.com/maps?q=24.7599228,46.5967754)<br>اسم المشروع: -<br>اسم المقاول: -<br>اسم مقاول الباطن: -<br>اسم الاستشاري: -<br>المالك: -<br>حالة المشروع: -<br>تصنيف المشروع: -<br>تصنيف اداري: -<br>البرنامج: -<br>تاريخ البداية: -<br>تاريخ النهاية: -<br>تاريخ النهاية المعدل: -<br>الازبلت: -<br>الاستلام الابتدائي: -<br>الاستلام النهائي: -<br>عدد الاستلامات الجزئي: -<br>تاريخ آخر جزء مسلم: -<br>تاريخ الاستلام الجزئي: -",
        "source": "مشاريع الصرف الصحي",
        "file": "مشاريع الصرف الصحي الجارية.kmz"
      },
      "geometry": {
        "type": "Polygon",
        "coordinates": [
          [
            [
              46.596775,
              24.759923
            ],
            [
              46.59680599999999,
              24.759935
            ],
            [
              46.596948,
              24.759741
            ],
            [
              46.602592,
              24.76198
            ],
            [
              46.602844,
              24.762732
            ],
            [
              46.600236,
              24.767912
            ],
            [
              46.594833,
              24.765594
            ],
            [
              46.594154,
              24.770803
            ],
            [
              46.59330400000001,
              24.777242
            ],
            [
              46.592569,
              24.776994
            ],
            [
              46.58663299999999,
              24.766205
            ],
            [
              46.592541,
              24.776969
            ],
            [
              46.58548199999999,
              24.774279
            ],
            [
              46.58208699999999,
              24.772895
            ],
            [
              46.580692,
              24.77248
            ],
            [
              46.577413,
              24.771183
            ],
            [
              46.574417,
              24.769984
            ],
            [
              46.57953199999999,
              24.759175
            ],
            [
              46.581729,
              24.754178
            ],
            [
              46.582972,
              24.753941
            ],
            [
              46.58398199999999,
              24.75384
            ],
            [
              46.597041,
              24.759367
            ],
            [
              46.596775,
              24.759923
            ]
          ]
        ]
      }
    },
    {
      "type": "Feature",
      "id": 12,
      "properties": {
        "id": 12,
        "name": "عقد تنفيذ شبكات صرف صحي بحي حطين - عقد رقم 3 - 24/23/2/02/0013/1",
        "description": "الوصف: <br><br>الإحداثيات: 24.7599550, 46.5967600<br>فتح في خرائط Google 📍 (https://www.google.com/maps?q=24.7599550,46.5967600)<br>اسم المشروع: -<br>اسم المقاول: -<br>اسم مقاول الباطن: -<br>اسم الاستشاري: -<br>المالك: -<br>حالة المشروع: -<br>تصنيف المشروع: -<br>تصنيف اداري: -<br>البرنامج: -<br>تاريخ البداية: -<br>تاريخ النهاية: -<br>تاريخ النهاية المعدل: -<br>الازبلت: -<br>الاستلام الابتدائي: -<br>الاستلام النهائي: -<br>عدد الاستلامات الجزئي: -<br>تاريخ آخر جزء مسلم: -<br>تاريخ الاستلام الجزئي: -",
        "source": "مشاريع الصرف الصحي",
        "file": "مشاريع الصرف الصحي الجارية.kmz"
      },
      "geometry": {
        "type": "Polygon",
        "coordinates": [
          [
            [
              46.59676000000001,
              24.759955
            ],
            [
              46.593013,
              24.758426
            ],
            [
              46.596775,
              24.759923
            ],
            [
              46.59676000000001,
              24.759955
            ]
          ]
        ]
      }
    },
    {
      "type": "Feature",
      "id": 13,
      "properties": {
        "id": 13,
        "name": "عقد تنفيذ شبكات صرف صحي بحي حطين - عقد رقم 3 - 24/23/2/02/0013/1",
        "description": "الوصف: <br><br>الإحداثيات: 24.7572500, 46.5900580<br>فتح في خرائط Google 📍 (https://www.google.com/maps?q=24.7572500,46.5900580)<br>اسم المشروع: -<br>اسم المقاول: -<br>اسم مقاول الباطن: -<br>اسم الاستشاري: -<br>المالك: -<br>حالة المشروع: -<br>تصنيف المشروع: -<br>تصنيف اداري: -<br>البرنامج: -<br>تاريخ البداية: -<br>تاريخ النهاية: -<br>تاريخ النهاية المعدل: -<br>الازبلت: -<br>الاستلام الابتدائي: -<br>الاستلام النهائي: -<br>عدد الاستلامات الجزئي: -<br>تاريخ آخر جزء مسلم: -<br>تاريخ الاستلام الجزئي: -",
        "source": "مشاريع الصرف الصحي",
        "file": "مشاريع الصرف الصحي الجارية.kmz"
      },
      "geometry": {
        "type": "Polygon",
        "coordinates": [
          [
            [
              46.590058,
              24.75725
            ],
            [
              46.588141,
              24.763861
            ],
            [
              46.589318,
              24.764108
            ],
            [
              46.584803,
              24.76652
            ],
            [
              46.58490499999999,
              24.767679
            ],
            [
              46.582212,
              24.768553
            ],
            [
              46.580827,
              24.768256
            ],
            [
              46.580354,
              24.767737
            ],
            [
              46.580175,
              24.767137
            ],
            [
              46.57766099999999,
              24.765216
            ],
            [
              46.57923199999999,
              24.761633
            ],
            [
              46.586134,
              24.763263
            ],
            [
              46.586578,
              24.761569
            ],
            [
              46.580089,
              24.760042
            ],
            [
              46.58314,
              24.754396
            ],
            [
              46.593013,
              24.758426
            ],
            [
              46.590058,
              24.75725
            ]
          ]
        ]
      }
    },
    {
      "type": "Feature",
      "id": 14,
      "properties": {
        "id": 14,
        "name": "عقد تنفيذ شبكات صرف صحي بحي القيروان - المرحلة الأولى 24/23/2/02/0030/1",
        "description": "الوصف: <br><br>الإحداثيات: 24.8427830, 46.6058560<br>فتح في خرائط Google 📍 (https://www.google.com/maps?q=24.8427830,46.6058560)<br>اسم المشروع: -<br>اسم المقاول: -<br>اسم مقاول الباطن: -<br>اسم الاستشاري: -<br>المالك: -<br>حالة المشروع: -<br>تصنيف المشروع: -<br>تصنيف اداري: -<br>البرنامج: -<br>تاريخ البداية: -<br>تاريخ النهاية: -<br>تاريخ النهاية المعدل: -<br>الازبلت: -<br>الاستلام الابتدائي: -<br>الاستلام النهائي: -<br>عدد الاستلامات الجزئي: -<br>تاريخ آخر جزء مسلم: -<br>تاريخ الاستلام الجزئي: -",
        "source": "مشاريع الصرف الصحي",
        "file": "مشاريع الصرف الصحي الجارية.kmz"
      },
      "geometry": {
        "type": "Polygon",
        "coordinates": [
          [
            [
              46.605856,
              24.842783
            ],
            [
              46.597915,
              24.839568
            ],
            [
              46.60154800000001,
              24.83226
            ],
            [
              46.591725,
              24.828098
            ],
            [
              46.59601199999999,
              24.819187
            ],
            [
              46.610202,
              24.825239
            ],
            [
              46.611186,
              24.826221
            ],
            [
              46.612093,
              24.828341
            ],
            [
              46.612028,
              24.829982
            ],
            [
              46.605856,
              24.842783
            ]
          ]
        ]
      }
    },
    {
      "type": "Feature",
      "id": 15,
      "properties": {
        "id": 15,
        "name": "عقد تنفيذ شبكات صرف صحى بحى حطين وجزء من الدرعية - عقد رقم (2)  24/23/2/02/0026/1",
        "description": "الوصف: <br><br>الإحداثيات: 24.7824950, 46.5695800<br>فتح في خرائط Google 📍 (https://www.google.com/maps?q=24.7824950,46.5695800)<br>اسم المشروع: -<br>اسم المقاول: -<br>اسم مقاول الباطن: -<br>اسم الاستشاري: -<br>المالك: -<br>حالة المشروع: -<br>تصنيف المشروع: -<br>تصنيف اداري: -<br>البرنامج: -<br>تاريخ البداية: -<br>تاريخ النهاية: -<br>تاريخ النهاية المعدل: -<br>الازبلت: -<br>الاستلام الابتدائي: -<br>الاستلام النهائي: -<br>عدد الاستلامات الجزئي: -<br>تاريخ آخر جزء مسلم: -<br>تاريخ الاستلام الجزئي: -",
        "source": "مشاريع الصرف الصحي",
        "file": "مشاريع الصرف الصحي الجارية.kmz"
      },
      "geometry": {
        "type": "Polygon",
        "coordinates": [
          [
            [
              46.56958,
              24.782495
            ],
            [
              46.57285,
              24.774802
            ],
            [
              46.574883,
              24.770208
            ],
            [
              46.58171900000001,
              24.772846
            ],
            [
              46.584382,
              24.77379
            ],
            [
              46.593346,
              24.777223
            ],
            [
              46.593271,
              24.777845
            ],
            [
              46.592975,
              24.779689
            ],
            [
              46.592662,
              24.78068
            ],
            [
              46.59002900000001,
              24.785835
            ],
            [
              46.588816,
              24.788409
            ],
            [
              46.580089,
              24.786487
            ],
            [
              46.56958,
              24.782495
            ]
          ]
        ]
      }
    },
    {
      "type": "Feature",
      "id": 16,
      "properties": {
        "id": 16,
        "name": "عقد تنفيذ شبكات صرف صحي بأجزاء من حي طويق عقد رقم 7 -",
        "description": "الوصف: الإحداثيات: 24.5619770, 46.5110610<br>فتح في خرائط Google 📍 (https://www.google.com/maps?q=24.5619770,46.5110610)‏<br>اسم المشروع: عقد تنفيذ شبكات صرف صحي بأجزاء من حي طويق عقد رقم 7<br><br>اسم المقاول: شركة نظم تقنية المياه للمقاولات<br><br>اسم مقاول الباطن: -<br>اسم الاستشاري: مكتب الياردة للاستشارات الهندسية <br><br>المالك: شركة المياه الوطنية<br>حالة المشروع: جاري<br>تصنيف المشروع: شبكات<br>تصنيف اداري: مشاريع الشركة<br>البرنامج: صرف غرب<br>تاريخ البداية: 29-Jan-2024<br>‏‏<br>تاريخ النهاية: 28-Jan-2026<br>‏‏<br>تاريخ النهاية المعدل: 19-Nov-2026<br>‏‏<br>الازبلت: استلام جزئي<br>الاستلام الابتدائي: -<br>الاستلام النهائي: -<br>عدد الاستلامات الجزئي: 1‏<br>تاريخ آخر جزء مسلم: 24-Feb-2026‏<br>تاريخ الاستلام الجزئي: 24-Feb-2026‏",
        "source": "مشاريع الصرف الصحي",
        "file": "مشاريع الصرف الصحي الجارية.kmz"
      },
      "geometry": {
        "type": "Polygon",
        "coordinates": [
          [
            [
              46.511061,
              24.561977
            ],
            [
              46.509083,
              24.56111
            ],
            [
              46.506505,
              24.560127
            ],
            [
              46.504336,
              24.559191
            ],
            [
              46.487371,
              24.551683
            ],
            [
              46.487652,
              24.551012
            ],
            [
              46.488554,
              24.55136
            ],
            [
              46.488721,
              24.551104
            ],
            [
              46.489302,
              24.551336
            ],
            [
              46.489556,
              24.550892
            ],
            [
              46.489925,
              24.551056
            ],
            [
              46.490742,
              24.551414
            ],
            [
              46.490911,
              24.551143
            ],
            [
              46.491178,
              24.551262
            ],
            [
              46.49123100000001,
              24.551161
            ],
            [
              46.490908,
              24.551014
            ],
            [
              46.491058,
              24.550769
            ],
            [
              46.491369,
              24.550903
            ],
            [
              46.491727,
              24.551051
            ],
            [
              46.491815,
              24.550888
            ],
            [
              46.49199699999999,
              24.550535
            ],
            [
              46.492115,
              24.550585
            ],
            [
              46.492095,
              24.550403
            ],
            [
              46.49236799999999,
              24.55038
            ],
            [
              46.49264600000001,
              24.550041
            ],
            [
              46.492931,
              24.550068
            ],
            [
              46.493103,
              24.549836
            ],
            [
              46.493166,
              24.549739
            ],
            [
              46.49356900000001,
              24.549909
            ],
            [
              46.493776,
              24.549508
            ],
            [
              46.494665,
              24.549245
            ],
            [
              46.495337,
              24.549294
            ],
            [
              46.497523,
              24.548368
            ],
            [
              46.499139,
              24.54792
            ],
            [
              46.500687,
              24.546422
            ],
            [
              46.501077,
              24.546202
            ],
            [
              46.501612,
              24.546267
            ],
            [
              46.501979,
              24.546039
            ],
            [
              46.502211,
              24.54611
            ],
            [
              46.50279,
              24.545699
            ],
            [
              46.505416,
              24.544302
            ],
            [
              46.506158,
              24.543886
            ],
            [
              46.506182,
              24.543672
            ],
            [
              46.507755,
              24.543135
            ],
            [
              46.50916700000001,
              24.542826
            ],
            [
              46.51002,
              24.542422
            ],
            [
              46.51317300000001,
              24.542056
            ],
            [
              46.513463,
              24.542051
            ],
            [
              46.513502,
              24.542152
            ],
            [
              46.515676,
              24.541928
            ],
            [
              46.515603,
              24.541433
            ],
            [
              46.516603,
              24.541301
            ],
            [
              46.516564,
              24.54102
            ],
            [
              46.51738400000001,
              24.540943
            ],
            [
              46.517429,
              24.54127
            ],
            [
              46.52077,
              24.540983
            ],
            [
              46.52144700000001,
              24.545976
            ],
            [
              46.51706999999999,
              24.546075
            ],
            [
              46.516171,
              24.545915
            ],
            [
              46.51431199999999,
              24.546123
            ],
            [
              46.513966,
              24.547429
            ],
            [
              46.513616,
              24.54758
            ],
            [
              46.513656,
              24.548425
            ],
            [
              46.514322,
              24.554849
            ],
            [
              46.514987,
              24.563264
            ],
            [
              46.514076,
              24.563323
            ],
            [
              46.511061,
              24.561977
            ]
          ]
        ]
      }
    },
    {
      "type": "Feature",
      "id": 17,
      "properties": {
        "id": 17,
        "name": "عقد تنفيذ شبكات صرف صحي بحي بدر 24/23/2/02/0012/1",
        "description": "الوصف: <br><br>الإحداثيات: 24.5246028, 46.6873348<br>فتح في خرائط Google 📍 (https://www.google.com/maps?q=24.5246028,46.6873348)<br>اسم المشروع: -<br>اسم المقاول: -<br>اسم مقاول الباطن: -<br>اسم الاستشاري: -<br>المالك: -<br>حالة المشروع: -<br>تصنيف المشروع: -<br>تصنيف اداري: -<br>البرنامج: -<br>تاريخ البداية: -<br>تاريخ النهاية: -<br>تاريخ النهاية المعدل: -<br>الازبلت: -<br>الاستلام الابتدائي: -<br>الاستلام النهائي: -<br>عدد الاستلامات الجزئي: -<br>تاريخ آخر جزء مسلم: -<br>تاريخ الاستلام الجزئي: -",
        "source": "مشاريع الصرف الصحي",
        "file": "مشاريع الصرف الصحي الجارية.kmz"
      },
      "geometry": {
        "type": "Polygon",
        "coordinates": [
          [
            [
              46.687335,
              24.524603
            ],
            [
              46.69026599999999,
              24.528119
            ],
            [
              46.68333199999999,
              24.532759
            ],
            [
              46.677908,
              24.526114
            ],
            [
              46.67866,
              24.525531
            ],
            [
              46.679708,
              24.525029
            ],
            [
              46.682479,
              24.524899
            ],
            [
              46.683042,
              24.524629
            ],
            [
              46.68321399999999,
              24.524212
            ],
            [
              46.683314,
              24.523602
            ],
            [
              46.683543,
              24.523242
            ],
            [
              46.683883,
              24.523102
            ],
            [
              46.68405,
              24.523085
            ],
            [
              46.684792,
              24.523336
            ],
            [
              46.685247,
              24.5236
            ],
            [
              46.68575799999999,
              24.524043
            ],
            [
              46.68661000000001,
              24.52505499999999
            ],
            [
              46.687335,
              24.524603
            ]
          ]
        ]
      }
    },
    {
      "type": "Feature",
      "id": 18,
      "properties": {
        "id": 18,
        "name": "عقد تنفيذ شبكات صرف صحي بحي بدر 24/23/2/02/0012/1",
        "description": "الوصف: <br><br>الإحداثيات: 24.5644060, 46.7156500<br>فتح في خرائط Google 📍 (https://www.google.com/maps?q=24.5644060,46.7156500)<br>اسم المشروع: -<br>اسم المقاول: -<br>اسم مقاول الباطن: -<br>اسم الاستشاري: -<br>المالك: -<br>حالة المشروع: -<br>تصنيف المشروع: -<br>تصنيف اداري: -<br>البرنامج: -<br>تاريخ البداية: -<br>تاريخ النهاية: -<br>تاريخ النهاية المعدل: -<br>الازبلت: -<br>الاستلام الابتدائي: -<br>الاستلام النهائي: -<br>عدد الاستلامات الجزئي: -<br>تاريخ آخر جزء مسلم: -<br>تاريخ الاستلام الجزئي: -",
        "source": "مشاريع الصرف الصحي",
        "file": "مشاريع الصرف الصحي الجارية.kmz"
      },
      "geometry": {
        "type": "Polygon",
        "coordinates": [
          [
            [
              46.71565,
              24.564406
            ],
            [
              46.726895,
              24.556779
            ],
            [
              46.726072,
              24.555812
            ],
            [
              46.726974,
              24.555189
            ],
            [
              46.727901,
              24.55632
            ],
            [
              46.73179,
              24.553745
            ],
            [
              46.732262,
              24.554466
            ],
            [
              46.723393,
              24.56094
            ],
            [
              46.725508,
              24.56347
            ],
            [
              46.723068,
              24.564985
            ],
            [
              46.722209,
              24.564087
            ],
            [
              46.721032,
              24.564857
            ],
            [
              46.720668,
              24.564403
            ],
            [
              46.71921300000001,
              24.565354
            ],
            [
              46.718909,
              24.56501
            ],
            [
              46.717788,
              24.565708
            ],
            [
              46.717313,
              24.565131
            ],
            [
              46.716583,
              24.565604
            ],
            [
              46.71565,
              24.564406
            ]
          ]
        ]
      }
    },
    {
      "type": "Feature",
      "id": 19,
      "properties": {
        "id": 19,
        "name": "عقد تنفيذ شبكات صرف صحي بأجزاء من حي طويق عقد رقم 8 - 24/23/2/02/0015/1",
        "description": "الوصف: الإحداثيات: 24.5543210, 46.5441620<br>فتح في خرائط Google 📍 (https://www.google.com/maps?q=24.5543210,46.5441620)‏<br>اسم المشروع: عقد تنفيذ شبكات صرف صحي بأجزاء من حي طويق عقد رقم 8<br><br>اسم المقاول: الشركة الوطنية لأعمال المياه<br><br>اسم مقاول الباطن: -<br>اسم الاستشاري: مكتب الياردة للاستشارات الهندسية <br><br>المالك: شركة المياه الوطنية<br>حالة المشروع: جاري<br>تصنيف المشروع: شبكات ومحطات رفع<br>تصنيف اداري: مشاريع الشركة<br>البرنامج: صرف غرب<br>تاريخ البداية: 12-Sep-2023<br><br>تاريخ النهاية: 11-Sep-2025<br><br>تاريخ النهاية المعدل: 20-Oct-2026<br><br>الازبلت: تسليم جزئي<br>الاستلام الابتدائي: -<br>الاستلام النهائي: -<br>عدد الاستلامات الجزئي: 1<br>تاريخ آخر جزء مسلم: -<br>تاريخ الاستلام الجزئي: -",
        "source": "مشاريع الصرف الصحي",
        "file": "مشاريع الصرف الصحي الجارية.kmz"
      },
      "geometry": {
        "type": "Polygon",
        "coordinates": [
          [
            [
              46.544162,
              24.554321
            ],
            [
              46.544009,
              24.552523
            ],
            [
              46.54051,
              24.552801
            ],
            [
              46.540389,
              24.551027
            ],
            [
              46.54185500000001,
              24.55097
            ],
            [
              46.54231100000001,
              24.550037
            ],
            [
              46.542938,
              24.549202
            ],
            [
              46.544197,
              24.547579
            ],
            [
              46.54485500000001,
              24.546835
            ],
            [
              46.546261,
              24.546325
            ],
            [
              46.55082699999999,
              24.545934
            ],
            [
              46.5511,
              24.548412
            ],
            [
              46.55227699999999,
              24.54834
            ],
            [
              46.55465400000001,
              24.548165
            ],
            [
              46.562779,
              24.547532
            ],
            [
              46.568359,
              24.547101
            ],
            [
              46.57275,
              24.546746
            ],
            [
              46.57449700000001,
              24.546629
            ],
            [
              46.57692000000001,
              24.546424
            ],
            [
              46.57778199999999,
              24.546357
            ],
            [
              46.578028,
              24.546344
            ],
            [
              46.578543,
              24.546299
            ],
            [
              46.57857,
              24.546785
            ],
            [
              46.57827,
              24.546799
            ],
            [
              46.578554,
              24.550083
            ],
            [
              46.57876,
              24.551704
            ],
            [
              46.576034,
              24.551889
            ],
            [
              46.574025,
              24.552056
            ],
            [
              46.574042,
              24.55235
            ],
            [
              46.573476,
              24.552371
            ],
            [
              46.57343900000001,
              24.552083
            ],
            [
              46.558807,
              24.553183
            ],
            [
              46.551483,
              24.553755
            ],
            [
              46.544162,
              24.554321
            ]
          ]
        ]
      }
    },
    {
      "type": "Feature",
      "id": 20,
      "properties": {
        "id": 20,
        "name": "عقد تنفيذ شبكات الصرف الصحي باجزاء من أحياء القدس والملك عبد الله  24/23/2/02/0027/1",
        "description": "الوصف: <br><br>الإحداثيات: 24.7247790, 46.7392530<br>فتح في خرائط Google 📍 (https://www.google.com/maps?q=24.7247790,46.7392530)<br>اسم المشروع: -<br>اسم المقاول: -<br>اسم مقاول الباطن: -<br>اسم الاستشاري: -<br>المالك: -<br>حالة المشروع: -<br>تصنيف المشروع: -<br>تصنيف اداري: -<br>البرنامج: -<br>تاريخ البداية: -<br>تاريخ النهاية: -<br>تاريخ النهاية المعدل: -<br>الازبلت: -<br>الاستلام الابتدائي: -<br>الاستلام النهائي: -<br>عدد الاستلامات الجزئي: -<br>تاريخ آخر جزء مسلم: -<br>تاريخ الاستلام الجزئي: -",
        "source": "مشاريع الصرف الصحي",
        "file": "مشاريع الصرف الصحي الجارية.kmz"
      },
      "geometry": {
        "type": "Polygon",
        "coordinates": [
          [
            [
              46.73925300000001,
              24.724779
            ],
            [
              46.74002699999999,
              24.722569
            ],
            [
              46.742944,
              24.724095
            ],
            [
              46.741325,
              24.727321
            ],
            [
              46.73925300000001,
              24.724779
            ]
          ]
        ]
      }
    },
    {
      "type": "Feature",
      "id": 21,
      "properties": {
        "id": 21,
        "name": "عقد تنفيذ شبكات الصرف الصحي باجزاء من أحياء القدس والملك عبد الله  24/23/2/02/0027/1",
        "description": "الوصف: <br><br>الإحداثيات: 24.7428272, 46.7539709<br>فتح في خرائط Google 📍 (https://www.google.com/maps?q=24.7428272,46.7539709)<br>اسم المشروع: -<br>اسم المقاول: -<br>اسم مقاول الباطن: -<br>اسم الاستشاري: -<br>المالك: -<br>حالة المشروع: -<br>تصنيف المشروع: -<br>تصنيف اداري: -<br>البرنامج: -<br>تاريخ البداية: -<br>تاريخ النهاية: -<br>تاريخ النهاية المعدل: -<br>الازبلت: -<br>الاستلام الابتدائي: -<br>الاستلام النهائي: -<br>عدد الاستلامات الجزئي: -<br>تاريخ آخر جزء مسلم: -<br>تاريخ الاستلام الجزئي: -",
        "source": "مشاريع الصرف الصحي",
        "file": "مشاريع الصرف الصحي الجارية.kmz"
      },
      "geometry": {
        "type": "Polygon",
        "coordinates": [
          [
            [
              46.753971,
              24.742827
            ],
            [
              46.756224,
              24.745574
            ],
            [
              46.756743,
              24.745042
            ],
            [
              46.75838400000001,
              24.746052
            ],
            [
              46.760877,
              24.75854500000001
            ],
            [
              46.757581,
              24.75897
            ],
            [
              46.75572200000001,
              24.758227
            ],
            [
              46.753334,
              24.745861
            ],
            [
              46.75620799999999,
              24.74557
            ],
            [
              46.753971,
              24.742827
            ]
          ]
        ]
      }
    },
    {
      "type": "Feature",
      "id": 22,
      "properties": {
        "id": 22,
        "name": "عقد تنفيذ شبكات صرف صحي بحي العارض - المرحلة الثانية",
        "description": "الوصف: الإحداثيات: 24.8899157, 46.6239254<br>فتح في خرائط Google 📍 (https://www.google.com/maps?q=24.8899157,46.6239254)‏<br>اسم المشروع: عقد تنفيذ شبكات صرف صحي بحي العارض - المرحلة الثانية<br><br>اسم المقاول: شركة النمال للمقاولات مساهمة مقفلة<br><br>اسم مقاول الباطن: -<br>اسم الاستشاري: مكتب الياردة للاستشارات الهندسية <br><br>المالك: شركة المياه الوطنية<br>حالة المشروع: جاري<br>تصنيف المشروع: شبكات<br>تصنيف اداري: مشاريع الشركة<br>البرنامج: صرف شمال<br>تاريخ البداية: 4-Feb-2024<br><br>تاريخ النهاية: 3-Feb-2026<br><br>تاريخ النهاية المعدل: 30-Dec-2026<br><br>الازبلت: لا<br>الاستلام الابتدائي: -<br>الاستلام النهائي: -<br>عدد الاستلامات الجزئي: -<br>تاريخ آخر جزء مسلم: -<br>تاريخ الاستلام الجزئي: -",
        "source": "مشاريع الصرف الصحي",
        "file": "مشاريع الصرف الصحي الجارية.kmz"
      },
      "geometry": {
        "type": "Polygon",
        "coordinates": [
          [
            [
              46.623925,
              24.889916
            ],
            [
              46.610848,
              24.884327
            ],
            [
              46.618888,
              24.868494
            ],
            [
              46.63643100000001,
              24.875924
            ],
            [
              46.632227,
              24.884675
            ],
            [
              46.62763399999999,
              24.882857
            ],
            [
              46.623925,
              24.889916
            ]
          ]
        ]
      }
    },
    {
      "type": "Feature",
      "id": 23,
      "properties": {
        "id": 23,
        "name": "عقد تنفيذ شبكات صرف صحي بحي القيروان - المرحلة الثانية 24/23/2/02/0048/1",
        "description": "الوصف: <br><br>الإحداثيات: 24.8192050, 46.5957340<br>فتح في خرائط Google 📍 (https://www.google.com/maps?q=24.8192050,46.5957340)<br>اسم المشروع: -<br>اسم المقاول: -<br>اسم مقاول الباطن: -<br>اسم الاستشاري: -<br>المالك: -<br>حالة المشروع: -<br>تصنيف المشروع: -<br>تصنيف اداري: -<br>البرنامج: -<br>تاريخ البداية: -<br>تاريخ النهاية: -<br>تاريخ النهاية المعدل: -<br>الازبلت: -<br>الاستلام الابتدائي: -<br>الاستلام النهائي: -<br>عدد الاستلامات الجزئي: -<br>تاريخ آخر جزء مسلم: -<br>تاريخ الاستلام الجزئي: -",
        "source": "مشاريع الصرف الصحي",
        "file": "مشاريع الصرف الصحي الجارية.kmz"
      },
      "geometry": {
        "type": "Polygon",
        "coordinates": [
          [
            [
              46.595734,
              24.819205
            ],
            [
              46.587729,
              24.83505
            ],
            [
              46.579109,
              24.831489
            ],
            [
              46.58278500000001,
              24.824181
            ],
            [
              46.580968,
              24.823414
            ],
            [
              46.585306,
              24.814826
            ],
            [
              46.595734,
              24.819205
            ]
          ]
        ]
      }
    },
    {
      "type": "Feature",
      "id": 24,
      "properties": {
        "id": 24,
        "name": "عقد تنفيذ شبكة صرف صحى بحى المعيزلية - المرحلة الأولى 24/23/2/02/0057/1",
        "description": "الوصف: <br><br>الإحداثيات: 24.7834830, 46.8342350<br>فتح في خرائط Google 📍 (https://www.google.com/maps?q=24.7834830,46.8342350)<br>اسم المشروع: -<br>اسم المقاول: -<br>اسم مقاول الباطن: -<br>اسم الاستشاري: -<br>المالك: -<br>حالة المشروع: -<br>تصنيف المشروع: -<br>تصنيف اداري: -<br>البرنامج: -<br>تاريخ البداية: -<br>تاريخ النهاية: -<br>تاريخ النهاية المعدل: -<br>الازبلت: -<br>الاستلام الابتدائي: -<br>الاستلام النهائي: -<br>عدد الاستلامات الجزئي: -<br>تاريخ آخر جزء مسلم: -<br>تاريخ الاستلام الجزئي: -",
        "source": "مشاريع الصرف الصحي",
        "file": "مشاريع الصرف الصحي الجارية.kmz"
      },
      "geometry": {
        "type": "Polygon",
        "coordinates": [
          [
            [
              46.83423500000001,
              24.783483
            ],
            [
              46.829572,
              24.781088
            ],
            [
              46.838145,
              24.769886
            ],
            [
              46.844701,
              24.773895
            ],
            [
              46.840547,
              24.779547
            ],
            [
              46.83837500000001,
              24.782496
            ],
            [
              46.83423500000001,
              24.783483
            ]
          ]
        ]
      }
    },
    {
      "type": "Feature",
      "id": 25,
      "properties": {
        "id": 25,
        "name": "عقد تنفيذ شبكات الصرف الصحي بحي العوالي - المرحلة الأولى",
        "description": "الوصف: الإحداثيات: 24.5521150, 46.5740410<br>فتح في خرائط Google 📍 (https://www.google.com/maps?q=24.5521150,46.5740410)‏<br>اسم المشروع: عقد تنفيذ شبكات الصرف الصحي بحي العوالي (مرحلة أولى)   <br><br>اسم المقاول: شركة الأعمال المدنية المحدودة<br><br>اسم مقاول الباطن: -<br>اسم الاستشاري: مكتب الياردة للاستشارات الهندسية <br><br>المالك: شركة المياه الوطنية<br>حالة المشروع: جاري<br>تصنيف المشروع: شبكات ومحطات رفع<br>تصنيف اداري: مشاريع الشركة<br>البرنامج: صرف غرب<br>تاريخ البداية: 1-Sep-2024<br><br>تاريخ النهاية: 31-Aug-2026<br><br>تاريخ النهاية المعدل: 13-Mar-2027<br><br>الازبلت: لا<br>الاستلام الابتدائي: -<br>الاستلام النهائي: -<br>عدد الاستلامات الجزئي: -<br>تاريخ آخر جزء مسلم: -<br>تاريخ الاستلام الجزئي: -",
        "source": "مشاريع الصرف الصحي",
        "file": "مشاريع الصرف الصحي الجارية.kmz"
      },
      "geometry": {
        "type": "Polygon",
        "coordinates": [
          [
            [
              46.57404100000001,
              24.552115
            ],
            [
              46.578768,
              24.551746
            ],
            [
              46.578626,
              24.550655
            ],
            [
              46.58434199999999,
              24.550502
            ],
            [
              46.586174,
              24.55053
            ],
            [
              46.58635900000001,
              24.551221
            ],
            [
              46.587214,
              24.551229
            ],
            [
              46.587596,
              24.551244
            ],
            [
              46.587903,
              24.550892
            ],
            [
              46.59256,
              24.55091
            ],
            [
              46.592541,
              24.550535
            ],
            [
              46.60057199999999,
              24.550516
            ],
            [
              46.606635,
              24.550345
            ],
            [
              46.606652,
              24.551713
            ],
            [
              46.609673,
              24.551708
            ],
            [
              46.609697,
              24.550891
            ],
            [
              46.61025,
              24.550212
            ],
            [
              46.614526,
              24.550065
            ],
            [
              46.620519,
              24.549926
            ],
            [
              46.62563,
              24.549737
            ],
            [
              46.627919,
              24.549491
            ],
            [
              46.62848799999999,
              24.548964
            ],
            [
              46.62915899999999,
              24.547703
            ],
            [
              46.62934300000001,
              24.546747
            ],
            [
              46.62971,
              24.54677
            ],
            [
              46.63013200000001,
              24.545683
            ],
            [
              46.631838,
              24.545681
            ],
            [
              46.633424,
              24.545748
            ],
            [
              46.638643,
              24.54959
            ],
            [
              46.639545,
              24.550305
            ],
            [
              46.641822,
              24.551974
            ],
            [
              46.64175800000001,
              24.55284
            ],
            [
              46.639212,
              24.552735
            ],
            [
              46.63918900000001,
              24.553162
            ],
            [
              46.637231,
              24.553152
            ],
            [
              46.63725,
              24.553469
            ],
            [
              46.63836200000001,
              24.55343
            ],
            [
              46.639216,
              24.553665
            ],
            [
              46.639754,
              24.553556
            ],
            [
              46.64022200000001,
              24.552945
            ],
            [
              46.642779,
              24.553937
            ],
            [
              46.642942,
              24.554676
            ],
            [
              46.643681,
              24.555169
            ],
            [
              46.64313700000001,
              24.555679
            ],
            [
              46.642407,
              24.55541
            ],
            [
              46.640873,
              24.554867
            ],
            [
              46.638886,
              24.554388
            ],
            [
              46.637637,
              24.554181
            ],
            [
              46.636821,
              24.55434899999999
            ],
            [
              46.632852,
              24.556038
            ],
            [
              46.629409,
              24.556066
            ],
            [
              46.628409,
              24.556063
            ],
            [
              46.627473,
              24.555985
            ],
            [
              46.625965,
              24.555033
            ],
            [
              46.619929,
              24.554948
            ],
            [
              46.619166,
              24.554977
            ],
            [
              46.619224,
              24.552842
            ],
            [
              46.613283,
              24.552787
            ],
            [
              46.613233,
              24.55479
            ],
            [
              46.612609,
              24.554792
            ],
            [
              46.612603,
              24.555496
            ],
            [
              46.61039900000001,
              24.555489
            ],
            [
              46.60961,
              24.555488
            ],
            [
              46.609628,
              24.55501
            ],
            [
              46.59248,
              24.554813
            ],
            [
              46.591645,
              24.554836
            ],
            [
              46.591395,
              24.554837
            ],
            [
              46.589294,
              24.554803
            ],
            [
              46.589314,
              24.554455
            ],
            [
              46.58931999999999,
              24.554205
            ],
            [
              46.587917,
              24.554213
            ],
            [
              46.58777299999999,
              24.554207
            ],
            [
              46.587222,
              24.554231
            ],
            [
              46.586292,
              24.555137
            ],
            [
              46.585263,
              24.554884
            ],
            [
              46.584243,
              24.555997
            ],
            [
              46.58331,
              24.555328
            ],
            [
              46.581205,
              24.557651
            ],
            [
              46.579882,
              24.560166
            ],
            [
              46.575105,
              24.560519
            ],
            [
              46.575161,
              24.560291
            ],
            [
              46.57482100000001,
              24.560307
            ],
            [
              46.57404100000001,
              24.552115
            ]
          ]
        ]
      }
    },
    {
      "type": "Feature",
      "id": 26,
      "properties": {
        "id": 26,
        "name": "عقد تنفيذ شبكات الصرف الصحي بحي العوالي - المرحلة الثانية",
        "description": "الوصف: الإحداثيات: 24.5676700, 46.5799760<br>فتح في خرائط Google 📍 (https://www.google.com/maps?q=24.5676700,46.5799760)‏<br>اسم المشروع: عقد تنفيذ شبكات الصرف الصحي بحي العوالي - مرحلة ثانية<br><br>اسم المقاول: شركة نظم البيئة للمقاولات<br><br>اسم مقاول الباطن: -<br>اسم الاستشاري: مكتب الياردة للاستشارات الهندسية <br><br>المالك: شركة المياه الوطنية<br>حالة المشروع: جاري<br>تصنيف المشروع: شبكات ومحطات رفع<br>تصنيف اداري: مشاريع الشركة<br>البرنامج: صرف غرب<br>تاريخ البداية: 10-Oct-2024<br><br>تاريخ النهاية: 10-Oct-2026<br><br>تاريخ النهاية المعدل: 25-Jan-2027<br><br>الازبلت: لا<br>الاستلام الابتدائي: -<br>الاستلام النهائي: -<br>عدد الاستلامات الجزئي: -<br>تاريخ آخر جزء مسلم: -<br>تاريخ الاستلام الجزئي: -",
        "source": "مشاريع الصرف الصحي",
        "file": "مشاريع الصرف الصحي الجارية.kmz"
      },
      "geometry": {
        "type": "Polygon",
        "coordinates": [
          [
            [
              46.579976,
              24.56767
            ],
            [
              46.579846,
              24.565027
            ],
            [
              46.58008700000001,
              24.561719
            ],
            [
              46.58055400000001,
              24.560177
            ],
            [
              46.57983200000001,
              24.560239
            ],
            [
              46.581212,
              24.557641
            ],
            [
              46.583308,
              24.555328
            ],
            [
              46.584242,
              24.555994
            ],
            [
              46.585263,
              24.554885
            ],
            [
              46.586293,
              24.555138
            ],
            [
              46.587222,
              24.554231
            ],
            [
              46.587772,
              24.554208
            ],
            [
              46.587915,
              24.554213
            ],
            [
              46.589321,
              24.554205
            ],
            [
              46.589316,
              24.554283
            ],
            [
              46.58931200000001,
              24.55449
            ],
            [
              46.5893,
              24.554674
            ],
            [
              46.58929499999999,
              24.554802
            ],
            [
              46.58978,
              24.55481
            ],
            [
              46.590489,
              24.55482200000001
            ],
            [
              46.59139399999999,
              24.554837
            ],
            [
              46.59179300000001,
              24.554833
            ],
            [
              46.59247599999999,
              24.554813
            ],
            [
              46.609624,
              24.555009
            ],
            [
              46.609613,
              24.555488
            ],
            [
              46.612606,
              24.555489
            ],
            [
              46.612611,
              24.554783
            ],
            [
              46.61324199999999,
              24.554788
            ],
            [
              46.613284,
              24.552776
            ],
            [
              46.619226,
              24.552841
            ],
            [
              46.619144,
              24.554978
            ],
            [
              46.621509,
              24.554955
            ],
            [
              46.621491,
              24.556028
            ],
            [
              46.624889,
              24.556114
            ],
            [
              46.62677399999999,
              24.55803
            ],
            [
              46.626153,
              24.558838
            ],
            [
              46.619961,
              24.558819
            ],
            [
              46.617671,
              24.558793
            ],
            [
              46.617638,
              24.558941
            ],
            [
              46.61769300000001,
              24.561207
            ],
            [
              46.61762400000001,
              24.561572
            ],
            [
              46.617414,
              24.561806
            ],
            [
              46.61626700000001,
              24.561875
            ],
            [
              46.61367,
              24.561817
            ],
            [
              46.612349,
              24.560526
            ],
            [
              46.609544,
              24.560163
            ],
            [
              46.607752,
              24.5572
            ],
            [
              46.605166,
              24.557095
            ],
            [
              46.605114,
              24.557517
            ],
            [
              46.59985499999999,
              24.557306
            ],
            [
              46.599077,
              24.556455
            ],
            [
              46.597016,
              24.556403
            ],
            [
              46.59692399999999,
              24.557357
            ],
            [
              46.59394,
              24.557214
            ],
            [
              46.593871,
              24.558242
            ],
            [
              46.592906,
              24.558158
            ],
            [
              46.592898,
              24.559045
            ],
            [
              46.59448,
              24.55912
            ],
            [
              46.59455100000001,
              24.558343
            ],
            [
              46.59834099999999,
              24.558262
            ],
            [
              46.598283,
              24.560366
            ],
            [
              46.603639,
              24.560395
            ],
            [
              46.60429,
              24.560656
            ],
            [
              46.60646199999999,
              24.558961
            ],
            [
              46.607239,
              24.559879
            ],
            [
              46.605541,
              24.561089
            ],
            [
              46.606016,
              24.56271600000001
            ],
            [
              46.60942,
              24.562891
            ],
            [
              46.609118,
              24.566597
            ],
            [
              46.607453,
              24.566708
            ],
            [
              46.606387,
              24.566836
            ],
            [
              46.606111,
              24.567068
            ],
            [
              46.604789,
              24.567918
            ],
            [
              46.603557,
              24.568132
            ],
            [
              46.595511,
              24.567999
            ],
            [
              46.595051,
              24.567872
            ],
            [
              46.594808,
              24.567605
            ],
            [
              46.594664,
              24.566371
            ],
            [
              46.593538,
              24.56636
            ],
            [
              46.59198199999999,
              24.566349
            ],
            [
              46.591599,
              24.56638
            ],
            [
              46.59159,
              24.567035
            ],
            [
              46.58593900000001,
              24.56701
            ],
            [
              46.584099,
              24.566987
            ],
            [
              46.58362300000001,
              24.566988
            ],
            [
              46.583745,
              24.567562
            ],
            [
              46.58363700000001,
              24.567727
            ],
            [
              46.579976,
              24.56767
            ]
          ]
        ]
      }
    },
    {
      "type": "Feature",
      "id": 27,
      "properties": {
        "id": 27,
        "name": "عقد تنفيذ شبكات صرف صحي بحي الحائر 24/23/2/02/0053/1",
        "description": "الوصف: <br><br>الإحداثيات: 24.4197170, 46.8436320<br>فتح في خرائط Google 📍 (https://www.google.com/maps?q=24.4197170,46.8436320)<br>اسم المشروع: -<br>اسم المقاول: -<br>اسم مقاول الباطن: -<br>اسم الاستشاري: -<br>المالك: -<br>حالة المشروع: -<br>تصنيف المشروع: -<br>تصنيف اداري: -<br>البرنامج: -<br>تاريخ البداية: -<br>تاريخ النهاية: -<br>تاريخ النهاية المعدل: -<br>الازبلت: -<br>الاستلام الابتدائي: -<br>الاستلام النهائي: -<br>عدد الاستلامات الجزئي: -<br>تاريخ آخر جزء مسلم: -<br>تاريخ الاستلام الجزئي: -",
        "source": "مشاريع الصرف الصحي",
        "file": "مشاريع الصرف الصحي الجارية.kmz"
      },
      "geometry": {
        "type": "Polygon",
        "coordinates": [
          [
            [
              46.843632,
              24.419717
            ],
            [
              46.83705299999999,
              24.418181
            ],
            [
              46.83593499999999,
              24.399679
            ],
            [
              46.83430599999999,
              24.396377
            ],
            [
              46.831558,
              24.394968
            ],
            [
              46.83255599999999,
              24.391907
            ],
            [
              46.83376199999999,
              24.389229
            ],
            [
              46.842401,
              24.390334
            ],
            [
              46.841093,
              24.394832
            ],
            [
              46.846411,
              24.395379
            ],
            [
              46.84662500000001,
              24.399176
            ],
            [
              46.850616,
              24.399067
            ],
            [
              46.860532,
              24.38573
            ],
            [
              46.862199,
              24.386529
            ],
            [
              46.858546,
              24.392461
            ],
            [
              46.852284,
              24.400998
            ],
            [
              46.843632,
              24.419717
            ]
          ]
        ]
      }
    },
    {
      "type": "Feature",
      "id": 28,
      "properties": {
        "id": 28,
        "name": "مخطط 2003 سيتم خدمته ضمن عقد المتفرقات الجاري - الاومير جاري دراسة المنطقة",
        "description": "الوصف: <br><br>الإحداثيات: 24.5563200, 46.7279010<br>فتح في خرائط Google 📍 (https://www.google.com/maps?q=24.5563200,46.7279010)<br>اسم المشروع: -<br>اسم المقاول: -<br>اسم مقاول الباطن: -<br>اسم الاستشاري: -<br>المالك: -<br>حالة المشروع: -<br>تصنيف المشروع: -<br>تصنيف اداري: -<br>البرنامج: -<br>تاريخ البداية: -<br>تاريخ النهاية: -<br>تاريخ النهاية المعدل: -<br>الازبلت: -<br>الاستلام الابتدائي: -<br>الاستلام النهائي: -<br>عدد الاستلامات الجزئي: -<br>تاريخ آخر جزء مسلم: -<br>تاريخ الاستلام الجزئي: -",
        "source": "مشاريع الصرف الصحي",
        "file": "مشاريع الصرف الصحي الجارية.kmz"
      },
      "geometry": {
        "type": "Polygon",
        "coordinates": [
          [
            [
              46.727901,
              24.55632
            ],
            [
              46.726974,
              24.555189
            ],
            [
              46.72667599999999,
              24.555389
            ],
            [
              46.725219,
              24.553646
            ],
            [
              46.72661900000001,
              24.552721
            ],
            [
              46.728576,
              24.554988
            ],
            [
              46.728483,
              24.555037
            ],
            [
              46.728962,
              24.555578
            ],
            [
              46.727901,
              24.55632
            ]
          ]
        ]
      }
    },
    {
      "type": "Feature",
      "id": 29,
      "properties": {
        "id": 29,
        "name": "تنفيذ شبكة صرف صحي بأجزاء من احياء الحزم ونمار المرحلة الثالثة مشروع جاري",
        "description": "الوصف: <br><br>الإحداثيات: 24.5700990, 46.6693840<br>فتح في خرائط Google 📍 (https://www.google.com/maps?q=24.5700990,46.6693840)<br>اسم المشروع: -<br>اسم المقاول: -<br>اسم مقاول الباطن: -<br>اسم الاستشاري: -<br>المالك: -<br>حالة المشروع: -<br>تصنيف المشروع: -<br>تصنيف اداري: -<br>البرنامج: -<br>تاريخ البداية: -<br>تاريخ النهاية: -<br>تاريخ النهاية المعدل: -<br>الازبلت: -<br>الاستلام الابتدائي: -<br>الاستلام النهائي: -<br>عدد الاستلامات الجزئي: -<br>تاريخ آخر جزء مسلم: -<br>تاريخ الاستلام الجزئي: -",
        "source": "مشاريع الصرف الصحي",
        "file": "مشاريع الصرف الصحي الجارية.kmz"
      },
      "geometry": {
        "type": "Polygon",
        "coordinates": [
          [
            [
              46.669384,
              24.570099
            ],
            [
              46.66326699999999,
              24.568469
            ],
            [
              46.6607,
              24.567784
            ],
            [
              46.656841,
              24.56705
            ],
            [
              46.654868,
              24.566408
            ],
            [
              46.652638,
              24.565329
            ],
            [
              46.653235,
              24.56467200000001
            ],
            [
              46.653296,
              24.564611
            ],
            [
              46.65527900000001,
              24.56578
            ],
            [
              46.656774,
              24.566205
            ],
            [
              46.658617,
              24.56633
            ],
            [
              46.659475,
              24.566366
            ],
            [
              46.663642,
              24.567258
            ],
            [
              46.66528100000001,
              24.566439
            ],
            [
              46.66690999999999,
              24.564155
            ],
            [
              46.669136,
              24.564758
            ],
            [
              46.669905,
              24.565235
            ],
            [
              46.670349,
              24.567475
            ],
            [
              46.670518,
              24.569185
            ],
            [
              46.66984899999999,
              24.570053
            ],
            [
              46.669384,
              24.570099
            ]
          ]
        ]
      }
    },
    {
      "type": "Feature",
      "id": 30,
      "properties": {
        "id": 30,
        "name": "تنفيذ شبكة صرف صحي بأجزاء من احياء الحزم ونمار المرحلة الثالثة مشروع جاري",
        "description": "الوصف: <br><br>الإحداثيات: 24.5213930, 46.6375710<br>فتح في خرائط Google 📍 (https://www.google.com/maps?q=24.5213930,46.6375710)<br>اسم المشروع: -<br>اسم المقاول: -<br>اسم مقاول الباطن: -<br>اسم الاستشاري: -<br>المالك: -<br>حالة المشروع: -<br>تصنيف المشروع: -<br>تصنيف اداري: -<br>البرنامج: -<br>تاريخ البداية: -<br>تاريخ النهاية: -<br>تاريخ النهاية المعدل: -<br>الازبلت: -<br>الاستلام الابتدائي: -<br>الاستلام النهائي: -<br>عدد الاستلامات الجزئي: -<br>تاريخ آخر جزء مسلم: -<br>تاريخ الاستلام الجزئي: -",
        "source": "مشاريع الصرف الصحي",
        "file": "مشاريع الصرف الصحي الجارية.kmz"
      },
      "geometry": {
        "type": "Polygon",
        "coordinates": [
          [
            [
              46.63757100000001,
              24.521393
            ],
            [
              46.64518900000001,
              24.517759
            ],
            [
              46.646862,
              24.520326
            ],
            [
              46.643665,
              24.521655
            ],
            [
              46.64413100000001,
              24.522745
            ],
            [
              46.63929,
              24.52458
            ],
            [
              46.641822,
              24.529816
            ],
            [
              46.639831,
              24.530707
            ],
            [
              46.6396,
              24.530566
            ],
            [
              46.634333,
              24.532701
            ],
            [
              46.634396,
              24.533084
            ],
            [
              46.63419699999999,
              24.533158
            ],
            [
              46.634226,
              24.533157
            ],
            [
              46.634121,
              24.533174
            ],
            [
              46.63399399999999,
              24.533033
            ],
            [
              46.632238,
              24.533779
            ],
            [
              46.633014,
              24.535895
            ],
            [
              46.631809,
              24.536368
            ],
            [
              46.631028,
              24.536679
            ],
            [
              46.63133500000001,
              24.537369
            ],
            [
              46.632218,
              24.537132
            ],
            [
              46.63278,
              24.538884
            ],
            [
              46.63128199999999,
              24.539614
            ],
            [
              46.630717,
              24.538067
            ],
            [
              46.629011,
              24.53868
            ],
            [
              46.629298,
              24.539464
            ],
            [
              46.628759,
              24.539769
            ],
            [
              46.62869999999999,
              24.539771
            ],
            [
              46.62741200000001,
              24.540125
            ],
            [
              46.62703499999999,
              24.5394
            ],
            [
              46.626776,
              24.539018
            ],
            [
              46.625946,
              24.537467
            ],
            [
              46.62539300000001,
              24.536715
            ],
            [
              46.62587,
              24.535076
            ],
            [
              46.625998,
              24.534712
            ],
            [
              46.62615100000001,
              24.533594
            ],
            [
              46.626421,
              24.530804
            ],
            [
              46.626433,
              24.530639
            ],
            [
              46.627055,
              24.529459
            ],
            [
              46.62900800000001,
              24.528376
            ],
            [
              46.628537,
              24.52668600000001
            ],
            [
              46.632003,
              24.525035
            ],
            [
              46.631686,
              24.52419
            ],
            [
              46.63757100000001,
              24.521393
            ]
          ]
        ]
      }
    },
    {
      "type": "Feature",
      "id": 31,
      "properties": {
        "id": 31,
        "name": "تنفيذ شبكة صرف صحي بأجزاء من احياء الحزم ونمار المرحلة الثالثة",
        "description": "الوصف: <br><br>الإحداثيات: 24.5801680, 46.6947620<br>فتح في خرائط Google 📍 (https://www.google.com/maps?q=24.5801680,46.6947620)<br>اسم المشروع: -<br>اسم المقاول: -<br>اسم مقاول الباطن: -<br>اسم الاستشاري: -<br>المالك: -<br>حالة المشروع: -<br>تصنيف المشروع: -<br>تصنيف اداري: -<br>البرنامج: -<br>تاريخ البداية: -<br>تاريخ النهاية: -<br>تاريخ النهاية المعدل: -<br>الازبلت: -<br>الاستلام الابتدائي: -<br>الاستلام النهائي: -<br>عدد الاستلامات الجزئي: -<br>تاريخ آخر جزء مسلم: -<br>تاريخ الاستلام الجزئي: -",
        "source": "مشاريع الصرف الصحي",
        "file": "مشاريع الصرف الصحي الجارية.kmz"
      },
      "geometry": {
        "type": "Polygon",
        "coordinates": [
          [
            [
              46.694762,
              24.580168
            ],
            [
              46.69119,
              24.579503
            ],
            [
              46.690838,
              24.579117
            ],
            [
              46.691959,
              24.577365
            ],
            [
              46.692502,
              24.577761
            ],
            [
              46.69302,
              24.578082
            ],
            [
              46.69375800000001,
              24.577522
            ],
            [
              46.69386699999999,
              24.577429
            ],
            [
              46.69458,
              24.576801
            ],
            [
              46.694768,
              24.576864
            ],
            [
              46.694664,
              24.577601
            ],
            [
              46.69493900000001,
              24.577735
            ],
            [
              46.69467199999999,
              24.579105
            ],
            [
              46.694762,
              24.580168
            ]
          ]
        ]
      }
    },
    {
      "type": "Feature",
      "id": 32,
      "properties": {
        "id": 32,
        "name": "عقد تنفيذ شبكات صرف صحي بحي المؤنسية - جاري",
        "description": "الوصف: <br><br>الإحداثيات: 24.8576570, 46.7762850<br>فتح في خرائط Google 📍 (https://www.google.com/maps?q=24.8576570,46.7762850)<br>اسم المشروع: -<br>اسم المقاول: -<br>اسم مقاول الباطن: -<br>اسم الاستشاري: -<br>المالك: -<br>حالة المشروع: -<br>تصنيف المشروع: -<br>تصنيف اداري: -<br>البرنامج: -<br>تاريخ البداية: -<br>تاريخ النهاية: -<br>تاريخ النهاية المعدل: -<br>الازبلت: -<br>الاستلام الابتدائي: -<br>الاستلام النهائي: -<br>عدد الاستلامات الجزئي: -<br>تاريخ آخر جزء مسلم: -<br>تاريخ الاستلام الجزئي: -",
        "source": "مشاريع الصرف الصحي",
        "file": "مشاريع الصرف الصحي الجارية.kmz"
      },
      "geometry": {
        "type": "Polygon",
        "coordinates": [
          [
            [
              46.776285,
              24.857657
            ],
            [
              46.72701099999999,
              24.832589
            ],
            [
              46.727936,
              24.830594
            ],
            [
              46.760093,
              24.846792
            ],
            [
              46.761891,
              24.843261
            ],
            [
              46.76713899999999,
              24.84554
            ],
            [
              46.765261,
              24.849233
            ],
            [
              46.767928,
              24.85080200000001
            ],
            [
              46.777399,
              24.855227
            ],
            [
              46.780945,
              24.847886
            ],
            [
              46.776285,
              24.857657
            ]
          ]
        ]
      }
    },
    {
      "type": "Feature",
      "id": 33,
      "properties": {
        "id": 33,
        "name": "عقد تنفيذ خطوط صرف صحي متفرقة بمدينة الرياض (عقد رقم 26)",
        "description": "الوصف: <br><br>الإحداثيات: 24.6025330, 46.7869530<br>فتح في خرائط Google 📍 (https://www.google.com/maps?q=24.6025330,46.7869530)<br>اسم المشروع: -<br>اسم المقاول: -<br>اسم مقاول الباطن: -<br>اسم الاستشاري: -<br>المالك: -<br>حالة المشروع: -<br>تصنيف المشروع: -<br>تصنيف اداري: -<br>البرنامج: -<br>تاريخ البداية: -<br>تاريخ النهاية: -<br>تاريخ النهاية المعدل: -<br>الازبلت: -<br>الاستلام الابتدائي: -<br>الاستلام النهائي: -<br>عدد الاستلامات الجزئي: -<br>تاريخ آخر جزء مسلم: -<br>تاريخ الاستلام الجزئي: -",
        "source": "مشاريع الصرف الصحي",
        "file": "مشاريع الصرف الصحي الجارية.kmz"
      },
      "geometry": {
        "type": "Polygon",
        "coordinates": [
          [
            [
              46.786953,
              24.602533
            ],
            [
              46.77806,
              24.607325
            ],
            [
              46.776327,
              24.605868
            ],
            [
              46.77718000000001,
              24.60537
            ],
            [
              46.78658900000001,
              24.600756
            ],
            [
              46.786953,
              24.602533
            ]
          ]
        ]
      }
    },
    {
      "type": "Feature",
      "id": 34,
      "properties": {
        "id": 34,
        "name": "عقد تنفيذ شبكات صرف صحى بأجزاء من حى ظهرة لبن - عقد رقم (6) 24/23/2/02/0021/1",
        "description": "الوصف: <br><br>الإحداثيات: 24.6176750, 46.5293650<br>فتح في خرائط Google 📍 (https://www.google.com/maps?q=24.6176750,46.5293650)<br>اسم المشروع: -<br>اسم المقاول: -<br>اسم مقاول الباطن: -<br>اسم الاستشاري: -<br>المالك: -<br>حالة المشروع: -<br>تصنيف المشروع: -<br>تصنيف اداري: -<br>البرنامج: -<br>تاريخ البداية: -<br>تاريخ النهاية: -<br>تاريخ النهاية المعدل: -<br>الازبلت: -<br>الاستلام الابتدائي: -<br>الاستلام النهائي: -<br>عدد الاستلامات الجزئي: -<br>تاريخ آخر جزء مسلم: -<br>تاريخ الاستلام الجزئي: -",
        "source": "مشاريع الصرف الصحي",
        "file": "مشاريع الصرف الصحي الجارية.kmz"
      },
      "geometry": {
        "type": "Polygon",
        "coordinates": [
          [
            [
              46.529365,
              24.617675
            ],
            [
              46.531429,
              24.614739
            ],
            [
              46.53173000000001,
              24.61496
            ],
            [
              46.53191899999999,
              24.614757
            ],
            [
              46.532508,
              24.614671
            ],
            [
              46.5331,
              24.614733
            ],
            [
              46.535107,
              24.616054
            ],
            [
              46.535198,
              24.616097
            ],
            [
              46.534951,
              24.616378
            ],
            [
              46.53516100000001,
              24.616575
            ],
            [
              46.535824,
              24.617047
            ],
            [
              46.53336,
              24.620237
            ],
            [
              46.529365,
              24.617675
            ]
          ]
        ]
      }
    },
    {
      "type": "Feature",
      "id": 35,
      "properties": {
        "id": 35,
        "name": "عقد تنفيذ شبكات صرف صحى بأجزاء من حى ظهرة لبن - عقد رقم (6)",
        "description": "الوصف: الإحداثيات: 24.6193550, 46.4951800<br>فتح في خرائط Google 📍 (https://www.google.com/maps?q=24.6193550,46.4951800)‏<br>اسم المشروع: عقد تنفيذ شبكات صرف صحى بأجزاء من حى ظهرة لبن - عقد رقم (6) <br>اسم المقاول: شركة نظم البيئة للمقاولات<br><br>اسم مقاول الباطن: -<br>اسم الاستشاري: مكتب الياردة للاستشارات الهندسية<br>المالك: شركة المياه الوطنية <br>حالة المشروع: مسلم<br>تصنيف المشروع: شبكات<br>تصنيف اداري: مشاريع الشركة<br>البرنامج: صرف غرب<br>تاريخ البداية: -<br>تاريخ النهاية: -<br>تاريخ النهاية المعدل: -<br>الازبلت: -<br>الاستلام الابتدائي: 21-Oct-2025<br>‏‏<br>الاستلام النهائي: -<br>عدد الاستلامات الجزئي: -<br>تاريخ آخر جزء مسلم: -<br>تاريخ الاستلام الجزئي: -",
        "source": "مشاريع الصرف الصحي",
        "file": "مشاريع الصرف الصحي الجارية.kmz"
      },
      "geometry": {
        "type": "Polygon",
        "coordinates": [
          [
            [
              46.49518,
              24.619355
            ],
            [
              46.492509,
              24.617701
            ],
            [
              46.492394,
              24.616711
            ],
            [
              46.49274999999999,
              24.616312
            ],
            [
              46.493125,
              24.615753
            ],
            [
              46.492252,
              24.615279
            ],
            [
              46.493358,
              24.613782
            ],
            [
              46.49270400000001,
              24.613532
            ],
            [
              46.49305500000001,
              24.612926
            ],
            [
              46.493164,
              24.612733
            ],
            [
              46.492007,
              24.612297
            ],
            [
              46.487477,
              24.610918
            ],
            [
              46.48715200000001,
              24.610809
            ],
            [
              46.486933,
              24.610264
            ],
            [
              46.485122,
              24.609672
            ],
            [
              46.48524199999999,
              24.609341
            ],
            [
              46.484841,
              24.609228
            ],
            [
              46.484903,
              24.60909
            ],
            [
              46.48394,
              24.608821
            ],
            [
              46.484181,
              24.608218
            ],
            [
              46.48321,
              24.607929
            ],
            [
              46.48035999999999,
              24.607039
            ],
            [
              46.480615,
              24.606419
            ],
            [
              46.47999799999999,
              24.606227
            ],
            [
              46.478115,
              24.605581
            ],
            [
              46.478387,
              24.60500800000001
            ],
            [
              46.477478,
              24.604712
            ],
            [
              46.478067,
              24.603121
            ],
            [
              46.478374,
              24.603046
            ],
            [
              46.478702,
              24.603082
            ],
            [
              46.479664,
              24.603334
            ],
            [
              46.480023,
              24.603145
            ],
            [
              46.48048099999999,
              24.603305
            ],
            [
              46.480464,
              24.603439
            ],
            [
              46.481838,
              24.603888
            ],
            [
              46.481964,
              24.60365
            ],
            [
              46.482269,
              24.603719
            ],
            [
              46.48332199999999,
              24.603974
            ],
            [
              46.48328599999999,
              24.604159
            ],
            [
              46.483238,
              24.60428
            ],
            [
              46.48279699999999,
              24.605419
            ],
            [
              46.48533900000001,
              24.606241
            ],
            [
              46.485485,
              24.606005
            ],
            [
              46.485859,
              24.606147
            ],
            [
              46.485573,
              24.606914
            ],
            [
              46.4861,
              24.607068
            ],
            [
              46.487071,
              24.607387
            ],
            [
              46.487186,
              24.606981
            ],
            [
              46.48776700000001,
              24.606574
            ],
            [
              46.488491,
              24.60627
            ],
            [
              46.489533,
              24.606236
            ],
            [
              46.489576,
              24.607121
            ],
            [
              46.491664,
              24.607024
            ],
            [
              46.49179,
              24.606722
            ],
            [
              46.492383,
              24.606645
            ],
            [
              46.49482,
              24.60666399999999
            ],
            [
              46.495859,
              24.606764
            ],
            [
              46.496576,
              24.606972
            ],
            [
              46.497614,
              24.607354
            ],
            [
              46.498288,
              24.607638
            ],
            [
              46.49938,
              24.608235
            ],
            [
              46.499657,
              24.607948
            ],
            [
              46.50014300000001,
              24.608225
            ],
            [
              46.50216200000001,
              24.605706
            ],
            [
              46.502838,
              24.605465
            ],
            [
              46.503733,
              24.605166
            ],
            [
              46.504277,
              24.604988
            ],
            [
              46.504553,
              24.605023
            ],
            [
              46.50503,
              24.605291
            ],
            [
              46.505168,
              24.605365
            ],
            [
              46.505701,
              24.604948
            ],
            [
              46.50651100000001,
              24.604432
            ],
            [
              46.507124,
              24.604283
            ],
            [
              46.507444,
              24.604248
            ],
            [
              46.507726,
              24.60423
            ],
            [
              46.507927,
              24.604214
            ],
            [
              46.508204,
              24.604191
            ],
            [
              46.508504,
              24.604169
            ],
            [
              46.508674,
              24.604181
            ],
            [
              46.508944,
              24.604291
            ],
            [
              46.509097,
              24.604349
            ],
            [
              46.509229,
              24.60445
            ],
            [
              46.509454,
              24.604532
            ],
            [
              46.50971599999999,
              24.604701
            ],
            [
              46.509845,
              24.604601
            ],
            [
              46.510188,
              24.604183
            ],
            [
              46.51126299999999,
              24.604834
            ],
            [
              46.51146900000001,
              24.604973
            ],
            [
              46.51205700000001,
              24.605316
            ],
            [
              46.512897,
              24.605813
            ],
            [
              46.513174,
              24.605474
            ],
            [
              46.51336199999999,
              24.605274
            ],
            [
              46.513721,
              24.605478
            ],
            [
              46.513811,
              24.605585
            ],
            [
              46.514047,
              24.605288
            ],
            [
              46.514386,
              24.605482
            ],
            [
              46.515064,
              24.605886
            ],
            [
              46.514878,
              24.606197
            ],
            [
              46.51523499999999,
              24.60638700000001
            ],
            [
              46.515423,
              24.60648
            ],
            [
              46.515797,
              24.606003
            ],
            [
              46.516257,
              24.606317
            ],
            [
              46.516211,
              24.606504
            ],
            [
              46.51709300000001,
              24.607099
            ],
            [
              46.516742,
              24.607548
            ],
            [
              46.517674,
              24.608104
            ],
            [
              46.517507,
              24.608274
            ],
            [
              46.517695,
              24.60841
            ],
            [
              46.517489,
              24.608696
            ],
            [
              46.518674,
              24.609418
            ],
            [
              46.51895199999999,
              24.609618
            ],
            [
              46.51909499999999,
              24.60941
            ],
            [
              46.51937,
              24.609574
            ],
            [
              46.51878500000001,
              24.610303
            ],
            [
              46.518503,
              24.610587
            ],
            [
              46.518225,
              24.610354
            ],
            [
              46.518426,
              24.610066
            ],
            [
              46.517457,
              24.609432
            ],
            [
              46.515855,
              24.60840900000001
            ],
            [
              46.51459000000001,
              24.607647
            ],
            [
              46.51434499999999,
              24.607976
            ],
            [
              46.513767,
              24.607608
            ],
            [
              46.513124,
              24.607189
            ],
            [
              46.513374,
              24.606897
            ],
            [
              46.512204,
              24.606154
            ],
            [
              46.511985,
              24.606463
            ],
            [
              46.50934299999999,
              24.604822
            ],
            [
              46.50923600000001,
              24.605029
            ],
            [
              46.508974,
              24.604924
            ],
            [
              46.508432,
              24.604771
            ],
            [
              46.50803800000001,
              24.604739
            ],
            [
              46.50767,
              24.604735
            ],
            [
              46.507147,
              24.604809
            ],
            [
              46.506718,
              24.604934
            ],
            [
              46.506277,
              24.605148
            ],
            [
              46.505899,
              24.605376
            ],
            [
              46.50533,
              24.605851
            ],
            [
              46.49518,
              24.619355
            ]
          ]
        ]
      }
    },
    {
      "type": "Feature",
      "id": 36,
      "properties": {
        "id": 36,
        "name": "جاري دراسة المنطقة لتنفيذها ضمن أحد اعقود الجارية",
        "description": "الوصف: <br><br>الإحداثيات: 24.5834083, 46.7464965<br>فتح في خرائط Google 📍 (https://www.google.com/maps?q=24.5834083,46.7464965)<br>اسم المشروع: -<br>اسم المقاول: -<br>اسم مقاول الباطن: -<br>اسم الاستشاري: -<br>المالك: -<br>حالة المشروع: -<br>تصنيف المشروع: -<br>تصنيف اداري: -<br>البرنامج: -<br>تاريخ البداية: -<br>تاريخ النهاية: -<br>تاريخ النهاية المعدل: -<br>الازبلت: -<br>الاستلام الابتدائي: -<br>الاستلام النهائي: -<br>عدد الاستلامات الجزئي: -<br>تاريخ آخر جزء مسلم: -<br>تاريخ الاستلام الجزئي: -",
        "source": "مشاريع الصرف الصحي",
        "file": "مشاريع الصرف الصحي الجارية.kmz"
      },
      "geometry": {
        "type": "Polygon",
        "coordinates": [
          [
            [
              46.746496,
              24.583408
            ],
            [
              46.742061,
              24.589829
            ],
            [
              46.74082200000001,
              24.589284
            ],
            [
              46.746754,
              24.580696
            ],
            [
              46.760816,
              24.587334
            ],
            [
              46.75636699999999,
              24.59591500000001
            ],
            [
              46.755681,
              24.595577
            ],
            [
              46.759544,
              24.587785
            ],
            [
              46.747916,
              24.582815
            ],
            [
              46.746496,
              24.583408
            ]
          ]
        ]
      }
    },
    {
      "type": "Feature",
      "id": 37,
      "properties": {
        "id": 37,
        "name": "عقد تنفيذ خطوط صرف صحي متفرقة بمدينة الرياض (عقد رقم 26)",
        "description": "الوصف: <br><br>الإحداثيات: 24.6567728, 46.5581727<br>فتح في خرائط Google 📍 (https://www.google.com/maps?q=24.6567728,46.5581727)<br>اسم المشروع: -<br>اسم المقاول: -<br>اسم مقاول الباطن: -<br>اسم الاستشاري: -<br>المالك: -<br>حالة المشروع: -<br>تصنيف المشروع: -<br>تصنيف اداري: -<br>البرنامج: -<br>تاريخ البداية: -<br>تاريخ النهاية: -<br>تاريخ النهاية المعدل: -<br>الازبلت: -<br>الاستلام الابتدائي: -<br>الاستلام النهائي: -<br>عدد الاستلامات الجزئي: -<br>تاريخ آخر جزء مسلم: -<br>تاريخ الاستلام الجزئي: -",
        "source": "مشاريع الصرف الصحي",
        "file": "مشاريع الصرف الصحي الجارية.kmz"
      },
      "geometry": {
        "type": "Polygon",
        "coordinates": [
          [
            [
              46.558173,
              24.656773
            ],
            [
              46.557974,
              24.656739
            ],
            [
              46.557749,
              24.656753
            ],
            [
              46.557572,
              24.656748
            ],
            [
              46.557454,
              24.656709
            ],
            [
              46.557111,
              24.656704
            ],
            [
              46.556617,
              24.6565
            ],
            [
              46.555786,
              24.656456
            ],
            [
              46.555839,
              24.656095
            ],
            [
              46.555222,
              24.655866
            ],
            [
              46.555094,
              24.656158
            ],
            [
              46.553194,
              24.6555
            ],
            [
              46.552942,
              24.65514
            ],
            [
              46.55306599999999,
              24.654667
            ],
            [
              46.558248,
              24.656595
            ],
            [
              46.558173,
              24.656773
            ]
          ]
        ]
      }
    },
    {
      "type": "Feature",
      "id": 38,
      "properties": {
        "id": 38,
        "name": "تنفيذ خطوط صرف صحي متفرقة بمدينة الرياض – عقد رقم 26 – المرحلة الثالثة",
        "description": "الوصف: <br><br>الإحداثيات: 24.5251038, 46.7025221<br>فتح في خرائط Google 📍 (https://www.google.com/maps?q=24.5251038,46.7025221)<br>اسم المشروع: -<br>اسم المقاول: -<br>اسم مقاول الباطن: -<br>اسم الاستشاري: -<br>المالك: -<br>حالة المشروع: -<br>تصنيف المشروع: -<br>تصنيف اداري: -<br>البرنامج: -<br>تاريخ البداية: -<br>تاريخ النهاية: -<br>تاريخ النهاية المعدل: -<br>الازبلت: -<br>الاستلام الابتدائي: -<br>الاستلام النهائي: -<br>عدد الاستلامات الجزئي: -<br>تاريخ آخر جزء مسلم: -<br>تاريخ الاستلام الجزئي: -",
        "source": "مشاريع الصرف الصحي",
        "file": "مشاريع الصرف الصحي الجارية.kmz"
      },
      "geometry": {
        "type": "Polygon",
        "coordinates": [
          [
            [
              46.702522,
              24.525104
            ],
            [
              46.702229,
              24.524773
            ],
            [
              46.703948,
              24.523566
            ],
            [
              46.70424299999999,
              24.523934
            ],
            [
              46.702522,
              24.525104
            ]
          ]
        ]
      }
    },
    {
      "type": "Feature",
      "id": 39,
      "properties": {
        "id": 39,
        "name": "عقد تنفيذ شبكات صرف صحي بحي المناخ- تحت التنفيذ",
        "description": "الوصف: <br><br>الإحداثيات: 24.6202266, 46.8087008<br>فتح في خرائط Google 📍 (https://www.google.com/maps?q=24.6202266,46.8087008)<br>اسم المشروع: -<br>اسم المقاول: -<br>اسم مقاول الباطن: -<br>اسم الاستشاري: -<br>المالك: -<br>حالة المشروع: -<br>تصنيف المشروع: -<br>تصنيف اداري: -<br>البرنامج: -<br>تاريخ البداية: -<br>تاريخ النهاية: -<br>تاريخ النهاية المعدل: -<br>الازبلت: -<br>الاستلام الابتدائي: -<br>الاستلام النهائي: -<br>عدد الاستلامات الجزئي: -<br>تاريخ آخر جزء مسلم: -<br>تاريخ الاستلام الجزئي: -",
        "source": "مشاريع الصرف الصحي",
        "file": "مشاريع الصرف الصحي الجارية.kmz"
      },
      "geometry": {
        "type": "Polygon",
        "coordinates": [
          [
            [
              46.808701,
              24.620227
            ],
            [
              46.803383,
              24.629378
            ],
            [
              46.800519,
              24.629123
            ],
            [
              46.791594,
              24.627323
            ],
            [
              46.791641,
              24.62796
            ],
            [
              46.779836,
              24.629548
            ],
            [
              46.78129199999999,
              24.625284
            ],
            [
              46.781668,
              24.623456
            ],
            [
              46.78516,
              24.622924
            ],
            [
              46.79367599999999,
              24.622521
            ],
            [
              46.794743,
              24.618598
            ],
            [
              46.808701,
              24.620227
            ]
          ]
        ]
      }
    },
    {
      "type": "Feature",
      "id": 40,
      "properties": {
        "id": 40,
        "name": "عقد تنفيذ شبكات صرف صحي بحي المناخ- تحت التنفيذ",
        "description": "الوصف: <br><br>الإحداثيات: 24.6202266, 46.8087008<br>فتح في خرائط Google 📍 (https://www.google.com/maps?q=24.6202266,46.8087008)<br>اسم المشروع: -<br>اسم المقاول: -<br>اسم مقاول الباطن: -<br>اسم الاستشاري: -<br>المالك: -<br>حالة المشروع: -<br>تصنيف المشروع: -<br>تصنيف اداري: -<br>البرنامج: -<br>تاريخ البداية: -<br>تاريخ النهاية: -<br>تاريخ النهاية المعدل: -<br>الازبلت: -<br>الاستلام الابتدائي: -<br>الاستلام النهائي: -<br>عدد الاستلامات الجزئي: -<br>تاريخ آخر جزء مسلم: -<br>تاريخ الاستلام الجزئي: -",
        "source": "مشاريع الصرف الصحي",
        "file": "مشاريع الصرف الصحي الجارية.kmz"
      },
      "geometry": {
        "type": "Polygon",
        "coordinates": [
          [
            [
              46.808701,
              24.620227
            ],
            [
              46.820555,
              24.599821
            ],
            [
              46.81956300000001,
              24.596903
            ],
            [
              46.820588,
              24.594467
            ],
            [
              46.809622,
              24.589158
            ],
            [
              46.801285,
              24.583089
            ],
            [
              46.803996,
              24.578301
            ],
            [
              46.806279,
              24.579132
            ],
            [
              46.805676,
              24.579974
            ],
            [
              46.80432,
              24.582242
            ],
            [
              46.823275,
              24.593351
            ],
            [
              46.82232299999999,
              24.596286
            ],
            [
              46.822827,
              24.599997
            ],
            [
              46.81374700000001,
              24.61536600000001
            ],
            [
              46.809056,
              24.620268
            ],
            [
              46.808701,
              24.620227
            ]
          ]
        ]
      }
    },
    {
      "type": "Feature",
      "id": 41,
      "properties": {
        "id": 41,
        "name": "عقد استكمال تنفيذ شبكات الصرف الصحي بحي الملقا-مشروع جاري",
        "description": "الوصف: <br><br>الإحداثيات: 24.7936974, 46.5737546<br>فتح في خرائط Google 📍 (https://www.google.com/maps?q=24.7936974,46.5737546)<br>اسم المشروع: عقد استكمال تنفيذ شبكات الصرف الصحي بحي الملقا<br>اسم المقاول: -<br>اسم مقاول الباطن: -<br>اسم الاستشاري: -<br>المالك: -<br>حالة المشروع: -<br>تصنيف المشروع: -<br>تصنيف اداري: -<br>البرنامج: -<br>تاريخ البداية: -<br>تاريخ النهاية: -<br>تاريخ النهاية المعدل: -<br>الازبلت: -<br>الاستلام الابتدائي: -<br>الاستلام النهائي: -<br>عدد الاستلامات الجزئي: -<br>تاريخ آخر جزء مسلم: -<br>تاريخ الاستلام الجزئي: -",
        "source": "مشاريع الصرف الصحي",
        "file": "مشاريع الصرف الصحي الجارية.kmz"
      },
      "geometry": {
        "type": "Polygon",
        "coordinates": [
          [
            [
              46.57375500000001,
              24.793697
            ],
            [
              46.56677200000001,
              24.791087
            ],
            [
              46.568509,
              24.785445
            ],
            [
              46.57665600000001,
              24.788483
            ],
            [
              46.57599400000001,
              24.789316
            ],
            [
              46.575728,
              24.789966
            ],
            [
              46.57570800000001,
              24.790236
            ],
            [
              46.575243,
              24.790461
            ],
            [
              46.575132,
              24.790638
            ],
            [
              46.57375500000001,
              24.793697
            ]
          ]
        ]
      }
    },
    {
      "type": "Feature",
      "id": 42,
      "properties": {
        "id": 42,
        "name": "سيتم تنفيذه ضمن مشروع متفرقات 26 المرحلة الرابعة - مقاولة شركة النمال",
        "description": "الوصف: <br><br>الإحداثيات: 24.6344178, 46.6709453<br>فتح في خرائط Google 📍 (https://www.google.com/maps?q=24.6344178,46.6709453)<br>اسم المشروع: -<br>اسم المقاول: -<br>اسم مقاول الباطن: -<br>اسم الاستشاري: -<br>المالك: -<br>حالة المشروع: -<br>تصنيف المشروع: -<br>تصنيف اداري: -<br>البرنامج: -<br>تاريخ البداية: -<br>تاريخ النهاية: -<br>تاريخ النهاية المعدل: -<br>الازبلت: -<br>الاستلام الابتدائي: -<br>الاستلام النهائي: -<br>عدد الاستلامات الجزئي: -<br>تاريخ آخر جزء مسلم: -<br>تاريخ الاستلام الجزئي: -",
        "source": "مشاريع الصرف الصحي",
        "file": "مشاريع الصرف الصحي الجارية.kmz"
      },
      "geometry": {
        "type": "Polygon",
        "coordinates": [
          [
            [
              46.670945,
              24.634418
            ],
            [
              46.669864,
              24.635178
            ],
            [
              46.669747,
              24.635192
            ],
            [
              46.669147,
              24.635304
            ],
            [
              46.668589,
              24.635301
            ],
            [
              46.66838800000001,
              24.635293
            ],
            [
              46.668159,
              24.635153
            ],
            [
              46.66848099999999,
              24.634724
            ],
            [
              46.66980300000001,
              24.63290599999999
            ],
            [
              46.671356,
              24.633878
            ],
            [
              46.670945,
              24.634418
            ]
          ]
        ]
      }
    },
    {
      "type": "Feature",
      "id": 43,
      "properties": {
        "id": 43,
        "name": "عقد تنفيذ خطوط صرف صحي متفرقة بمدينة الرياض (عقد رقم 26)",
        "description": "الوصف: <br><br>الإحداثيات: 24.6071737, 46.4971026<br>فتح في خرائط Google 📍 (https://www.google.com/maps?q=24.6071737,46.4971026)<br>اسم المشروع: -<br>اسم المقاول: -<br>اسم مقاول الباطن: -<br>اسم الاستشاري: -<br>المالك: -<br>حالة المشروع: -<br>تصنيف المشروع: -<br>تصنيف اداري: -<br>البرنامج: -<br>تاريخ البداية: -<br>تاريخ النهاية: -<br>تاريخ النهاية المعدل: -<br>الازبلت: -<br>الاستلام الابتدائي: -<br>الاستلام النهائي: -<br>عدد الاستلامات الجزئي: -<br>تاريخ آخر جزء مسلم: -<br>تاريخ الاستلام الجزئي: -",
        "source": "مشاريع الصرف الصحي",
        "file": "مشاريع الصرف الصحي الجارية.kmz"
      },
      "geometry": {
        "type": "Polygon",
        "coordinates": [
          [
            [
              46.497103,
              24.607174
            ],
            [
              46.495859,
              24.606764
            ],
            [
              46.494941,
              24.606666
            ],
            [
              46.493535,
              24.606652
            ],
            [
              46.49349800000001,
              24.606232
            ],
            [
              46.49364300000001,
              24.606203
            ],
            [
              46.494522,
              24.606237
            ],
            [
              46.49552,
              24.606315
            ],
            [
              46.495944,
              24.606374
            ],
            [
              46.496395,
              24.605169
            ],
            [
              46.49770900000001,
              24.605642
            ],
            [
              46.497569,
              24.605935
            ],
            [
              46.49729,
              24.605862
            ],
            [
              46.497006,
              24.606632
            ],
            [
              46.497296,
              24.606754
            ],
            [
              46.497103,
              24.607174
            ]
          ]
        ]
      }
    }
  ]
}